REGION	POS	REF	ALT	REF_DP	REF_RV	REF_QUAL	ALT_DP	ALT_RV	ALT_QUAL	ALT_FREQ	TOTAL_DP	PVAL	PASS	GFF_FEATURE	REF_CODON	REF_AA	ALT_CODON	ALT_AA
NC_045512.2	25	T	G	24	12	27	2	0	28	0.0588235	34	0.189947	FALSE	NA	NA	NA	NA	NA
NC_045512.2	25	T	C	24	12	27	6	4	25	0.176471	34	0.00873899	TRUE	NA	NA	NA	NA	NA
NC_045512.2	25	T	A	24	12	27	2	0	20	0.0588235	34	0.189947	FALSE	NA	NA	NA	NA	NA
NC_045512.2	40	C	-T	2836	1496	25	194	0	20	0.0684062	2836	1.16e-30	TRUE	NA	NA	NA	NA	NA
NC_045512.2	176	C	T	26020	10530	26	872	338	27	0.0324188	26898	1.65433e-76	TRUE	NA	NA	NA	NA	NA
NC_045512.2	189	G	-C	17578	8500	23	966	0	20	0.0547371	17648	5.57637e-128	TRUE	NA	NA	NA	NA	NA
NC_045512.2	208	G	+T	25874	11042	25	790	0	20	0.030509	25894	2.42505e-61	TRUE	NA	NA	NA	NA	NA
NC_045512.2	209	T	-G	19080	3958	24	674	0	20	0.035053	19228	3.07012e-62	TRUE	NA	NA	NA	NA	NA
NC_045512.2	210	G	T	70	30	26	25348	10770	26	0.994273	25494	0	TRUE	NA	NA	NA	NA	NA
NC_045512.2	241	C	T	0	0	0	1636	1272	24	0.998779	1638	0	TRUE	NA	NA	NA	NA	NA
NC_045512.2	261	G	T	2880	1420	24	92	36	24	0.0309348	2974	2.80852e-09	TRUE	NA	NA	NA	NA	NA
NC_045512.2	323	G	-T	34334	17486	25	1926	0	20	0.0560633	34354	6.4611e-256	TRUE	NA	NA	NA	NA	NA
NC_045512.2	434	G	-A	35090	17982	24	7018	0	20	0.199171	35236	0	TRUE	NA	NA	NA	NA	NA
NC_045512.2	439	A	G	18208	17504	25	654	124	23	0.0346619	18868	1.1608e-62	TRUE	NA	NA	NA	NA	NA
NC_045512.2	443	G	-T	34580	17454	25	1380	0	20	0.0395597	34884	7.11973e-142	TRUE	NA	NA	NA	NA	NA
NC_045512.2	566	G	A	11698	4636	25	434	200	26	0.0357555	12138	1.31074e-43	TRUE	NA	NA	NA	NA	NA
NC_045512.2	678	C	T	11516	4796	24	706	430	25	0.0577363	12228	2.07783e-104	TRUE	NA	NA	NA	NA	NA
NC_045512.2	706	C	-G	1788	632	25	120	0	20	0.0664452	1806	2.31064e-19	TRUE	NA	NA	NA	NA	NA
NC_045512.2	732	A	-T	5476	2316	25	206	0	20	0.0375775	5482	1.198e-21	TRUE	NA	NA	NA	NA	NA
NC_045512.2	802	A	-G	3774	1604	25	124	0	20	0.0326488	3798	3.42835e-12	TRUE	NA	NA	NA	NA	NA
NC_045512.2	841	C	G	5386	1832	25	276	228	22	0.0485744	5682	1.45735e-37	TRUE	NA	NA	NA	NA	NA
NC_045512.2	880	A	-G	6620	3546	24	216	0	20	0.0324714	6652	1.54391e-19	TRUE	NA	NA	NA	NA	NA
NC_045512.2	892	T	-A	6790	3002	24	624	0	20	0.0909621	6860	4.88906e-109	TRUE	NA	NA	NA	NA	NA
NC_045512.2	949	A	+G	7670	4232	26	246	0	20	0.0318158	7732	1.45607e-21	TRUE	NA	NA	NA	NA	NA
NC_045512.2	1001	G	-A	4548	2912	25	150	0	20	0.0329381	4554	3.0963e-14	TRUE	NA	NA	NA	NA	NA
NC_045512.2	1013	G	+A	4470	2990	26	210	0	20	0.0469169	4476	1.88494e-26	TRUE	NA	NA	NA	NA	NA
NC_045512.2	1026	C	-T	3460	3078	25	268	0	20	0.0771889	3472	1.39479e-44	TRUE	NA	NA	NA	NA	NA
NC_045512.2	1026	C	+T	3460	3078	25	168	0	20	0.0483871	3472	4.63011e-22	TRUE	NA	NA	NA	NA	NA
NC_045512.2	1036	T	-A	3728	2946	24	188	0	20	0.0504021	3730	7.17061e-25	TRUE	NA	NA	NA	NA	NA
NC_045512.2	1135	G	-A	206	120	24	18	0	20	0.0873786	206	0.000310496	TRUE	NA	NA	NA	NA	NA
NC_045512.2	1140	A	G	120	120	24	4	2	24	0.0322581	124	0.187484	FALSE	NA	NA	NA	NA	NA
NC_045512.2	1191	C	T	150	88	24	42	30	25	0.21875	192	5.03743e-13	TRUE	NA	NA	NA	NA	NA
NC_045512.2	1267	C	T	1836	814	25	234	76	25	0.112934	2072	2.40125e-50	TRUE	NA	NA	NA	NA	NA
NC_045512.2	1444	G	-A	3620	1656	24	432	0	20	0.11914	3626	1.81199e-82	TRUE	NA	NA	NA	NA	NA
NC_045512.2	1445	A	G	1910	144	25	74	16	23	0.0372984	1984	1.58418e-09	TRUE	NA	NA	NA	NA	NA
NC_045512.2	1577	G	-T	10202	4038	25	448	0	20	0.0437756	10234	3.13673e-51	TRUE	NA	NA	NA	NA	NA
NC_045512.2	1628	C	-A	7672	4996	23	2554	0	20	0.332725	7676	0	TRUE	NA	NA	NA	NA	NA
NC_045512.2	1652	A	-T	10734	5106	25	414	0	20	0.0384901	10756	1.90907e-42	TRUE	NA	NA	NA	NA	NA
NC_045512.2	1688	A	+T	1746	776	23	206	0	20	0.117179	1758	1.75285e-40	TRUE	NA	NA	NA	NA	NA
NC_045512.2	1691	A	T	854	478	22	90	90	22	0.0951374	946	1.78382e-19	TRUE	NA	NA	NA	NA	NA
NC_045512.2	1691	A	-T	854	478	22	222	0	20	0.229339	968	1.30253e-54	TRUE	NA	NA	NA	NA	NA
NC_045512.2	1692	T	A	268	48	22	116	92	21	0.302083	384	5.88298e-46	TRUE	NA	NA	NA	NA	NA
NC_045512.2	1696	G	T	824	364	23	66	66	24	0.073991	892	3.30335e-13	TRUE	NA	NA	NA	NA	NA
NC_045512.2	1698	C	G	1306	746	24	68	68	26	0.0486409	1398	6.77806e-11	TRUE	NA	NA	NA	NA	NA
NC_045512.2	1699	A	C	1222	630	24	68	68	24	0.0519084	1310	6.90339e-11	TRUE	NA	NA	NA	NA	NA
NC_045512.2	1700	T	A	1288	690	24	68	68	23	0.0495627	1372	7.89091e-11	TRUE	NA	NA	NA	NA	NA
NC_045512.2	1701	C	T	1246	690	23	88	68	23	0.065967	1334	1.30713e-15	TRUE	NA	NA	NA	NA	NA
NC_045512.2	1701	C	-T	1246	690	23	162	0	20	0.121439	1334	3.28769e-34	TRUE	NA	NA	NA	NA	NA
NC_045512.2	1702	T	C	564	16	24	74	70	22	0.115987	638	1.62353e-18	TRUE	NA	NA	NA	NA	NA
NC_045512.2	1734	C	T	2348	1522	25	84	34	24	0.0345395	2432	1.90744e-09	TRUE	NA	NA	NA	NA	NA
NC_045512.2	1786	T	+A	2350	1454	24	138	0	20	0.0585242	2358	1.01107e-20	TRUE	NA	NA	NA	NA	NA
NC_045512.2	1806	G	-A	2158	1758	23	126	0	20	0.0583874	2158	5.6528e-19	TRUE	NA	NA	NA	NA	NA
NC_045512.2	1807	A	G	914	170	24	40	38	22	0.041841	956	3.49876e-06	TRUE	NA	NA	NA	NA	NA
NC_045512.2	1813	T	-A	2508	1730	23	604	0	20	0.239873	2518	8.53203e-132	TRUE	NA	NA	NA	NA	NA
NC_045512.2	1931	C	-A	3718	1466	25	116	0	20	0.0311828	3720	1.2186e-10	TRUE	NA	NA	NA	NA	NA
NC_045512.2	1932	A	C	2592	398	25	90	88	24	0.0334076	2694	7.61705e-10	TRUE	NA	NA	NA	NA	NA
NC_045512.2	2089	G	T	8240	4012	26	382	244	24	0.0442745	8628	4.78083e-47	TRUE	NA	NA	NA	NA	NA
NC_045512.2	2129	G	-A	11950	5356	24	754	0	20	0.0630119	11966	3.67031e-109	TRUE	NA	NA	NA	NA	NA
NC_045512.2	2130	A	G	6198	74	24	7760	4956	25	0.555794	13962	0	TRUE	NA	NA	NA	NA	NA
NC_045512.2	2317	A	-T	10390	8638	24	1222	0	20	0.11732	10416	7.62775e-229	TRUE	NA	NA	NA	NA	NA
NC_045512.2	2356	A	G	142	72	26	22	18	23	0.126437	174	7.93008e-07	TRUE	NA	NA	NA	NA	NA
NC_045512.2	2356	A	C	142	72	26	8	0	23	0.045977	174	0.0105313	FALSE	NA	NA	NA	NA	NA
NC_045512.2	2376	A	-T	44	22	23	2	0	20	0.0454545	44	0.2643	FALSE	NA	NA	NA	NA	NA
NC_045512.2	2383	T	+G	52	26	24	2	0	20	0.0384615	52	0.262088	FALSE	NA	NA	NA	NA	NA
NC_045512.2	2389	A	+T	148	82	25	6	0	20	0.0405405	148	0.0681775	FALSE	NA	NA	NA	NA	NA
NC_045512.2	2394	T	A	158	90	26	6	0	27	0.0352941	170	0.0558183	FALSE	NA	NA	NA	NA	NA
NC_045512.2	2441	G	+A	4466	2950	26	140	0	20	0.0313339	4468	9.73014e-13	TRUE	NA	NA	NA	NA	NA
NC_045512.2	2539	G	-A	4680	3216	25	156	0	20	0.0332907	4686	5.2355e-15	TRUE	NA	NA	NA	NA	NA
NC_045512.2	2645	A	C	1418	30	26	852	836	25	0.375	2272	1.82592e-261	TRUE	NA	NA	NA	NA	NA
NC_045512.2	2736	C	-T	29330	14930	25	1490	0	20	0.0506872	29396	7.33543e-186	TRUE	NA	NA	NA	NA	NA
NC_045512.2	2904	T	-A	37882	19396	25	2948	0	20	0.0777221	37930	0	TRUE	NA	NA	NA	NA	NA
NC_045512.2	2904	T	+A	37882	19396	25	1416	0	20	0.0373319	37930	8.79376e-136	TRUE	NA	NA	NA	NA	NA
NC_045512.2	2911	T	G	27056	10220	24	2006	1166	25	0.0686187	29234	0	TRUE	NA	NA	NA	NA	NA
NC_045512.2	2947	C	T	24532	12818	26	1786	892	26	0.0675185	26452	4.54459e-289	TRUE	NA	NA	NA	NA	NA
NC_045512.2	3035	T	-TC	31714	16110	24	1754	0	20	0.055185	31784	1.70145e-231	TRUE	NA	NA	NA	NA	NA
NC_045512.2	3036	T	-C	29888	16160	24	5704	0	20	0.187941	30350	0	TRUE	NA	NA	NA	NA	NA
NC_045512.2	3037	C	T	48	10	24	22942	11484	25	0.994538	23068	0	TRUE	NA	NA	NA	NA	NA
NC_045512.2	3187	G	-C	3128	1108	25	268	0	20	0.0854047	3138	2.51024e-46	TRUE	NA	NA	NA	NA	NA
NC_045512.2	3345	G	-T	982	424	25	52	0	20	0.0528455	984	1.71778e-08	TRUE	NA	NA	NA	NA	NA
NC_045512.2	3385	T	-A	800	532	23	328	0	20	0.41	800	4.3252e-74	TRUE	NA	NA	NA	NA	NA
NC_045512.2	3412	T	-A	1094	570	24	170	0	20	0.155393	1094	2.6522e-36	TRUE	NA	NA	NA	NA	NA
NC_045512.2	3420	T	-A	1106	572	24	48	0	20	0.0431655	1112	9.39354e-07	TRUE	NA	NA	NA	NA	NA
NC_045512.2	3561	T	-G	2736	960	25	392	0	20	0.14121	2776	7.6959e-80	TRUE	NA	NA	NA	NA	NA
NC_045512.2	3585	G	A	2662	1310	25	98	42	25	0.0355072	2760	3.74973e-11	TRUE	NA	NA	NA	NA	NA
NC_045512.2	3671	G	-A	11872	5386	25	704	0	20	0.0592094	11890	1.53603e-98	TRUE	NA	NA	NA	NA	NA
NC_045512.2	3722	A	-T	5428	548	25	258	0	20	0.0472527	5460	2.42031e-32	TRUE	NA	NA	NA	NA	NA
NC_045512.2	3723	T	A	4740	80	25	154	144	24	0.0312627	4926	4.55893e-15	TRUE	NA	NA	NA	NA	NA
NC_045512.2	3777	C	+A	14682	7700	25	688	0	20	0.0468091	14698	5.64253e-82	TRUE	NA	NA	NA	NA	NA
NC_045512.2	3802	T	-A	14330	7468	25	874	0	20	0.0608212	14370	7.64066e-124	TRUE	NA	NA	NA	NA	NA
NC_045512.2	3802	T	+A	14330	7468	25	464	0	20	0.0322895	14370	1.59107e-39	TRUE	NA	NA	NA	NA	NA
NC_045512.2	3815	G	-A	13998	7736	26	612	0	20	0.0436022	14036	5.08852e-69	TRUE	NA	NA	NA	NA	NA
NC_045512.2	3832	C	-T	5752	2908	24	436	0	20	0.0756157	5766	1.987e-70	TRUE	NA	NA	NA	NA	NA
NC_045512.2	3851	G	-A	5322	2882	24	182	0	20	0.0341848	5324	1.93933e-17	TRUE	NA	NA	NA	NA	NA
NC_045512.2	4007	T	C	472	274	25	16	14	26	0.0327869	488	0.00557091	TRUE	NA	NA	NA	NA	NA
NC_045512.2	4167	T	+A	8036	3130	25	242	0	20	0.0300696	8048	1.00298e-19	TRUE	NA	NA	NA	NA	NA
NC_045512.2	4174	T	-A	8386	3550	24	1174	0	20	0.139795	8398	2.50465e-231	TRUE	NA	NA	NA	NA	NA
NC_045512.2	4181	G	T	3406	1810	23	4264	1834	24	0.55391	7698	0	TRUE	NA	NA	NA	NA	NA
NC_045512.2	4192	T	+A	8738	3770	25	636	0	20	0.0727356	8744	1.57087e-99	TRUE	NA	NA	NA	NA	NA
NC_045512.2	4200	T	+A	9026	4180	25	282	0	20	0.0311671	9048	1.02202e-23	TRUE	NA	NA	NA	NA	NA
NC_045512.2	4207	G	+A	9550	4580	25	1288	0	20	0.134728	9560	9.87298e-251	TRUE	NA	NA	NA	NA	NA
NC_045512.2	4218	G	+A	9574	4688	25	468	0	20	0.0478528	9780	6.50215e-59	TRUE	NA	NA	NA	NA	NA
NC_045512.2	4251	A	-C	9390	4626	25	2158	0	20	0.225874	9554	0	TRUE	NA	NA	NA	NA	NA
NC_045512.2	4276	C	T	9582	5264	27	3640	1948	27	0.275215	13226	0	TRUE	NA	NA	NA	NA	NA
NC_045512.2	4321	C	-T	10666	7082	25	338	0	20	0.0316835	10668	1.46193e-28	TRUE	NA	NA	NA	NA	NA
NC_045512.2	4376	G	-T	11490	6232	25	442	0	20	0.0384147	11506	7.2793e-45	TRUE	NA	NA	NA	NA	NA
NC_045512.2	4534	C	-T	30672	13418	25	1204	0	20	0.0391927	30720	2.14231e-121	TRUE	NA	NA	NA	NA	NA
NC_045512.2	4558	A	G	29226	12778	26	1370	460	25	0.0447654	30604	5.39524e-165	TRUE	NA	NA	NA	NA	NA
NC_045512.2	4861	T	-A	37718	16558	25	2170	0	20	0.0574104	37798	2.74395e-293	TRUE	NA	NA	NA	NA	NA
NC_045512.2	4927	C	T	8300	4370	25	278	146	25	0.0323934	8582	7.4337e-26	TRUE	NA	NA	NA	NA	NA
NC_045512.2	4943	C	-T	9574	4712	25	590	0	20	0.0615481	9586	7.77159e-85	TRUE	NA	NA	NA	NA	NA
NC_045512.2	5110	T	-A	4526	2766	24	146	0	20	0.0321303	4544	1.43747e-13	TRUE	NA	NA	NA	NA	NA
NC_045512.2	5123	G	-T	4272	2700	24	130	0	20	0.0303738	4280	1.29367e-11	TRUE	NA	NA	NA	NA	NA
NC_045512.2	5123	G	+T	4272	2700	24	208	0	20	0.0485981	4280	6.2561e-27	TRUE	NA	NA	NA	NA	NA
NC_045512.2	5184	C	T	2106	1034	24	2472	952	25	0.539974	4578	0	TRUE	NA	NA	NA	NA	NA
NC_045512.2	5187	G	-T	4946	2184	25	212	0	20	0.0428283	4950	9.61486e-25	TRUE	NA	NA	NA	NA	NA
NC_045512.2	5221	C	+A	4268	1536	25	284	0	20	0.0662005	4290	6.88223e-44	TRUE	NA	NA	NA	NA	NA
NC_045512.2	5223	C	A	4118	1358	25	298	290	23	0.0673599	4424	1.57672e-49	TRUE	NA	NA	NA	NA	NA
NC_045512.2	5224	T	C	4240	1482	25	302	292	23	0.0664028	4548	6.34658e-50	TRUE	NA	NA	NA	NA	NA
NC_045512.2	5224	T	-A	4240	1482	25	464	0	20	0.101933	4552	2.99084e-90	TRUE	NA	NA	NA	NA	NA
NC_045512.2	5224	T	+A	4240	1482	25	392	0	20	0.086116	4552	4.2945e-72	TRUE	NA	NA	NA	NA	NA
NC_045512.2	5225	A	T	2742	22	25	374	364	24	0.119795	3122	8.07847e-82	TRUE	NA	NA	NA	NA	NA
NC_045512.2	5230	G	A	4268	1576	24	330	330	25	0.0716768	4604	1.98915e-56	TRUE	NA	NA	NA	NA	NA
NC_045512.2	5231	T	G	4326	1596	25	384	376	24	0.0813559	4720	5.10035e-70	TRUE	NA	NA	NA	NA	NA
NC_045512.2	5232	G	T	3632	870	25	406	386	25	0.100495	4040	1.57698e-81	TRUE	NA	NA	NA	NA	NA
NC_045512.2	5233	G	-AA	2902	1684	23	212	0	20	0.0730531	2902	3.14928e-34	TRUE	NA	NA	NA	NA	NA
NC_045512.2	5233	G	-A	2902	1684	23	1010	0	20	0.348036	2902	2.00465e-224	TRUE	NA	NA	NA	NA	NA
NC_045512.2	5234	A	G	2620	84	24	366	364	25	0.122408	2990	4.35253e-91	TRUE	NA	NA	NA	NA	NA
NC_045512.2	5362	T	C	5812	2408	25	188	88	26	0.0313125	6004	3.37264e-17	TRUE	NA	NA	NA	NA	NA
NC_045512.2	5392	C	-T	6184	2858	24	1034	0	20	0.166506	6210	6.00113e-212	TRUE	NA	NA	NA	NA	NA
NC_045512.2	5407	C	T	1972	862	26	86	40	25	0.0417881	2058	1.60925e-11	TRUE	NA	NA	NA	NA	NA
NC_045512.2	5539	G	T	1982	954	26	146	58	26	0.0684803	2132	2.13063e-25	TRUE	NA	NA	NA	NA	NA
NC_045512.2	5577	T	G	242	116	26	14	10	22	0.0522388	268	0.00139879	TRUE	NA	NA	NA	NA	NA
NC_045512.2	5584	A	G	3572	1754	26	174	84	27	0.0464495	3746	2.73804e-23	TRUE	NA	NA	NA	NA	NA
NC_045512.2	5646	C	+A	4798	2414	26	426	0	20	0.0886761	4804	2.78663e-73	TRUE	NA	NA	NA	NA	NA
NC_045512.2	5673	C	-T	3566	2404	24	132	0	20	0.0370163	3566	2.94274e-14	TRUE	NA	NA	NA	NA	NA
NC_045512.2	5725	A	+T	4570	2240	26	180	0	20	0.0393357	4576	6.19322e-20	TRUE	NA	NA	NA	NA	NA
NC_045512.2	5768	C	-A	4590	2382	26	178	0	20	0.0386957	4600	3.46131e-19	TRUE	NA	NA	NA	NA	NA
NC_045512.2	5773	T	+A	4342	2214	25	188	0	20	0.0430995	4362	2.01443e-22	TRUE	NA	NA	NA	NA	NA
NC_045512.2	5788	T	+A	4596	2416	25	248	0	20	0.0537728	4612	1.01334e-33	TRUE	NA	NA	NA	NA	NA
NC_045512.2	5821	A	T	112	68	26	12	12	21	0.0923077	130	0.00107301	TRUE	NA	NA	NA	NA	NA
NC_045512.2	5821	A	C	112	68	26	6	0	28	0.0461538	130	0.0467785	FALSE	NA	NA	NA	NA	NA
NC_045512.2	5873	G	-A	7342	3544	25	388	0	20	0.0528035	7348	3.54671e-51	TRUE	NA	NA	NA	NA	NA
NC_045512.2	5873	G	+A	7342	3544	25	246	0	20	0.0334785	7348	1.39991e-22	TRUE	NA	NA	NA	NA	NA
NC_045512.2	5927	G	-T	7270	3656	25	274	0	20	0.0376064	7286	3.0584e-28	TRUE	NA	NA	NA	NA	NA
NC_045512.2	5968	G	-A	7030	3768	26	564	0	20	0.0801136	7040	1.19676e-92	TRUE	NA	NA	NA	NA	NA
NC_045512.2	5981	T	C	5148	3592	25	252	136	25	0.0466494	5402	7.51126e-33	TRUE	NA	NA	NA	NA	NA
NC_045512.2	6040	C	T	15812	8742	26	988	734	25	0.0587955	16804	6.96172e-147	TRUE	NA	NA	NA	NA	NA
NC_045512.2	6139	A	-T	16632	7888	24	1828	0	20	0.109396	16710	0	TRUE	NA	NA	NA	NA	NA
NC_045512.2	6153	T	-A	15266	8590	23	6140	0	20	0.401832	15280	0	TRUE	NA	NA	NA	NA	NA
NC_045512.2	6233	A	-T	15698	7504	25	850	0	20	0.0540025	15740	1.24543e-111	TRUE	NA	NA	NA	NA	NA
NC_045512.2	6259	T	+A	9816	5296	25	590	0	20	0.0600326	9828	2.80932e-83	TRUE	NA	NA	NA	NA	NA
NC_045512.2	6312	C	-A	10846	5352	24	502	0	20	0.0460128	10910	1.27328e-59	TRUE	NA	NA	NA	NA	NA
NC_045512.2	6396	T	-A	19078	9566	25	892	0	20	0.0467114	19096	2.13742e-105	TRUE	NA	NA	NA	NA	NA
NC_045512.2	6402	C	T	10488	5860	24	7550	3814	25	0.418283	18050	0	TRUE	NA	NA	NA	NA	NA
NC_045512.2	6422	G	-A	14450	9972	24	630	0	20	0.0434603	14496	4.20149e-71	TRUE	NA	NA	NA	NA	NA
NC_045512.2	6504	C	-A	18032	9898	24	764	0	20	0.0422006	18104	2.40569e-83	TRUE	NA	NA	NA	NA	NA
NC_045512.2	6516	T	-A	13622	10926	24	436	0	20	0.0319274	13656	1.02689e-36	TRUE	NA	NA	NA	NA	NA
NC_045512.2	6589	G	+A	16118	10004	25	512	0	20	0.0317146	16144	2.44187e-42	TRUE	NA	NA	NA	NA	NA
NC_045512.2	6622	G	-A	3230	1762	25	150	0	20	0.0463535	3236	4.27532e-19	TRUE	NA	NA	NA	NA	NA
NC_045512.2	6661	T	C	5570	2640	26	316	154	26	0.0536685	5888	1.13807e-45	TRUE	NA	NA	NA	NA	NA
NC_045512.2	6682	T	-A	5192	2116	26	1386	0	20	0.264807	5234	2.40587e-304	TRUE	NA	NA	NA	NA	NA
NC_045512.2	6781	C	+T	3786	1910	25	158	0	20	0.0411458	3840	1.38322e-18	TRUE	NA	NA	NA	NA	NA
NC_045512.2	6807	C	-T	4338	2168	25	148	0	20	0.0341171	4338	1.7036e-14	TRUE	NA	NA	NA	NA	NA
NC_045512.2	6896	C	T	1154	478	26	50	26	28	0.0415282	1204	4.55372e-07	TRUE	NA	NA	NA	NA	NA
NC_045512.2	6930	A	-T	922	566	23	122	0	20	0.132035	924	3.94059e-25	TRUE	NA	NA	NA	NA	NA
NC_045512.2	6961	G	-T	826	568	24	42	0	20	0.0504808	832	8.813e-07	TRUE	NA	NA	NA	NA	NA
NC_045512.2	6977	G	-T	1106	596	24	200	0	20	0.179211	1116	4.48091e-43	TRUE	NA	NA	NA	NA	NA
NC_045512.2	7019	G	-T	1202	602	25	46	0	20	0.0382696	1202	6.32127e-06	TRUE	NA	NA	NA	NA	NA
NC_045512.2	7124	C	T	1108	358	25	652	266	26	0.370455	1760	1.52622e-199	TRUE	NA	NA	NA	NA	NA
NC_045512.2	7196	A	-T	2484	946	24	612	0	20	0.243825	2510	2.31775e-134	TRUE	NA	NA	NA	NA	NA
NC_045512.2	7203	C	-T	2772	1070	24	98	0	20	0.0347764	2818	1.6907e-10	TRUE	NA	NA	NA	NA	NA
NC_045512.2	7207	T	-A	1422	1184	23	684	0	20	0.472376	1448	2.71203e-155	TRUE	NA	NA	NA	NA	NA
NC_045512.2	7210	A	T	1952	920	22	116	104	21	0.0559846	2072	1.81484e-18	TRUE	NA	NA	NA	NA	NA
NC_045512.2	7215	A	-T	3104	1376	24	96	0	20	0.030789	3118	5.38315e-09	TRUE	NA	NA	NA	NA	NA
NC_045512.2	7224	C	-T	3436	1706	24	160	0	20	0.0465116	3440	2.62687e-20	TRUE	NA	NA	NA	NA	NA
NC_045512.2	7246	G	-T	2078	1428	23	370	0	20	0.177714	2082	2.04313e-78	TRUE	NA	NA	NA	NA	NA
NC_045512.2	7262	C	-T	3600	1930	25	126	0	20	0.0349418	3606	8.52041e-13	TRUE	NA	NA	NA	NA	NA
NC_045512.2	7273	G	-T	2366	1874	24	444	0	20	0.18593	2388	4.8747e-95	TRUE	NA	NA	NA	NA	NA
NC_045512.2	7312	G	-T	1412	734	24	130	0	20	0.0919378	1414	8.21413e-24	TRUE	NA	NA	NA	NA	NA
NC_045512.2	7323	A	-T	2672	1392	24	362	0	20	0.135176	2678	2.57226e-72	TRUE	NA	NA	NA	NA	NA
NC_045512.2	7335	A	+T	4494	2426	25	242	0	20	0.0537778	4500	8.27419e-33	TRUE	NA	NA	NA	NA	NA
NC_045512.2	7393	G	T	1562	904	25	1490	854	25	0.48661	3062	0	TRUE	NA	NA	NA	NA	NA
NC_045512.2	7432	A	-T	8834	4492	24	1006	0	20	0.113647	8852	4.32219e-187	TRUE	NA	NA	NA	NA	NA
NC_045512.2	7594	C	-T	10316	5084	24	576	0	20	0.0555127	10376	3.5153e-78	TRUE	NA	NA	NA	NA	NA
NC_045512.2	7594	C	+T	10316	5084	24	334	0	20	0.0321897	10376	4.60965e-29	TRUE	NA	NA	NA	NA	NA
NC_045512.2	7696	T	-A	17584	10738	23	860	0	20	0.0488082	17620	5.84394e-105	TRUE	NA	NA	NA	NA	NA
NC_045512.2	7824	A	-T	17160	8404	24	1230	0	20	0.0712878	17254	1.06074e-189	TRUE	NA	NA	NA	NA	NA
NC_045512.2	7889	G	-TTT	13766	6096	23	572	0	20	0.0412639	13862	3.70383e-62	TRUE	NA	NA	NA	NA	NA
NC_045512.2	7889	G	-TT	13766	6096	23	812	0	20	0.0585774	13862	3.6325e-113	TRUE	NA	NA	NA	NA	NA
NC_045512.2	7889	G	-T	13766	6096	23	4134	0	20	0.298225	13862	0	TRUE	NA	NA	NA	NA	NA
NC_045512.2	7926	C	-A	6118	3096	23	728	0	20	0.115226	6318	2.60592e-140	TRUE	NA	NA	NA	NA	NA
NC_045512.2	8029	T	-AA	8388	4894	24	4360	0	20	0.519295	8396	0	TRUE	NA	NA	NA	NA	NA
NC_045512.2	8029	T	-A	8388	4894	24	370	0	20	0.0440686	8396	5.27316e-43	TRUE	NA	NA	NA	NA	NA
NC_045512.2	8056	G	-T	9584	5032	25	336	0	20	0.0350073	9598	7.60702e-32	TRUE	NA	NA	NA	NA	NA
NC_045512.2	8067	C	+T	9230	4954	25	282	0	20	0.0305261	9238	4.74242e-23	TRUE	NA	NA	NA	NA	NA
NC_045512.2	8084	G	-A	6192	5300	24	474	0	20	0.076501	6196	7.66169e-77	TRUE	NA	NA	NA	NA	NA
NC_045512.2	8092	C	-A	13188	5432	24	606	0	20	0.0458535	13216	4.69708e-71	TRUE	NA	NA	NA	NA	NA
NC_045512.2	8093	A	C	9934	1552	24	1086	76	23	0.0983161	11046	1.46803e-224	TRUE	NA	NA	NA	NA	NA
NC_045512.2	8094	A	C	16036	5658	25	3784	3782	24	0.19063	19850	0	TRUE	NA	NA	NA	NA	NA
NC_045512.2	8160	C	+T	13174	5778	24	990	0	20	0.0747508	13244	1.17363e-156	TRUE	NA	NA	NA	NA	NA
NC_045512.2	8306	G	-A	14198	7194	24	824	0	20	0.0579547	14218	4.89593e-113	TRUE	NA	NA	NA	NA	NA
NC_045512.2	8339	A	-T	2514	1778	25	130	0	20	0.0516283	2518	5.95855e-18	TRUE	NA	NA	NA	NA	NA
NC_045512.2	8376	C	-A	9212	5314	24	2352	0	20	0.254325	9248	0	TRUE	NA	NA	NA	NA	NA
NC_045512.2	8464	T	-A	10616	5974	25	1616	0	20	0.151595	10660	0	TRUE	NA	NA	NA	NA	NA
NC_045512.2	8481	C	-T	7606	6060	25	1250	0	20	0.164258	7610	2.60734e-254	TRUE	NA	NA	NA	NA	NA
NC_045512.2	8547	A	-G	4386	2458	24	1102	0	20	0.24966	4414	1.84393e-240	TRUE	NA	NA	NA	NA	NA
NC_045512.2	8606	C	-T	4532	3250	24	266	0	20	0.0586678	4534	4.98968e-38	TRUE	NA	NA	NA	NA	NA
NC_045512.2	8606	C	+T	4532	3250	24	252	0	20	0.0555801	4534	6.00645e-35	TRUE	NA	NA	NA	NA	NA
NC_045512.2	8621	A	-T	5918	3344	24	202	0	20	0.0340871	5926	3.74176e-19	TRUE	NA	NA	NA	NA	NA
NC_045512.2	8628	A	+T	5798	3228	25	480	0	20	0.0826162	5810	4.49015e-80	TRUE	NA	NA	NA	NA	NA
NC_045512.2	8637	C	T	2422	1316	26	3484	2098	25	0.589509	5910	0	TRUE	NA	NA	NA	NA	NA
NC_045512.2	8668	C	-T	5936	3318	25	310	0	20	0.0521184	5948	5.63877e-41	TRUE	NA	NA	NA	NA	NA
NC_045512.2	8669	T	C	3300	756	25	136	96	24	0.0394432	3448	2.62615e-16	TRUE	NA	NA	NA	NA	NA
NC_045512.2	8763	A	-T	1010	446	25	48	0	20	0.0472441	1016	3.55817e-07	TRUE	NA	NA	NA	NA	NA
NC_045512.2	8853	G	-T	622	420	24	42	0	20	0.0670927	626	9.24007e-08	TRUE	NA	NA	NA	NA	NA
NC_045512.2	8896	T	-A	184	64	25	8	0	20	0.0434783	184	0.0219105	FALSE	NA	NA	NA	NA	NA
NC_045512.2	8905	C	-T	228	96	24	10	0	20	0.0438596	228	0.0220625	FALSE	NA	NA	NA	NA	NA
NC_045512.2	8910	T	G	108	104	25	6	6	23	0.046875	128	0.0442698	FALSE	NA	NA	NA	NA	NA
NC_045512.2	8910	T	C	108	104	25	8	4	24	0.0625	128	0.012601	FALSE	NA	NA	NA	NA	NA
NC_045512.2	8910	T	A	108	104	25	6	4	26	0.046875	128	0.0442698	FALSE	NA	NA	NA	NA	NA
NC_045512.2	8927	G	-T	6374	2954	25	312	0	20	0.0488722	6384	1.44968e-39	TRUE	NA	NA	NA	NA	NA
NC_045512.2	8927	G	+T	6374	2954	25	304	0	20	0.047619	6384	7.04662e-38	TRUE	NA	NA	NA	NA	NA
NC_045512.2	8986	C	T	4756	2296	26	1222	308	24	0.204348	5980	4.55904e-313	TRUE	NA	NA	NA	NA	NA
NC_045512.2	9005	G	-T	6390	3090	25	234	0	20	0.0364486	6420	1.54423e-23	TRUE	NA	NA	NA	NA	NA
NC_045512.2	9006	T	C	4254	1104	24	180	70	26	0.0404313	4452	4.60341e-22	TRUE	NA	NA	NA	NA	NA
NC_045512.2	9026	A	+T	5124	3096	24	170	0	20	0.0331384	5130	6.37159e-16	TRUE	NA	NA	NA	NA	NA
NC_045512.2	9053	G	T	4772	2354	26	1644	754	25	0.255915	6424	0	TRUE	NA	NA	NA	NA	NA
NC_045512.2	9146	A	C	154	68	26	6	0	27	0.0375	160	0.0614551	FALSE	NA	NA	NA	NA	NA
NC_045512.2	9198	C	+T	1370	698	25	44	0	20	0.0321168	1370	3.31384e-05	TRUE	NA	NA	NA	NA	NA
NC_045512.2	9201	T	G	1348	718	27	52	0	25	0.0371429	1400	1.08632e-06	TRUE	NA	NA	NA	NA	NA
NC_045512.2	9252	T	G	2256	818	24	104	66	22	0.0440305	2362	3.0931e-14	TRUE	NA	NA	NA	NA	NA
NC_045512.2	9314	G	-TT	3050	1710	25	116	0	20	0.0379085	3060	4.80478e-13	TRUE	NA	NA	NA	NA	NA
NC_045512.2	9314	G	-T	3050	1710	25	496	0	20	0.162092	3060	2.14093e-102	TRUE	NA	NA	NA	NA	NA
NC_045512.2	9453	A	-T	4048	2030	25	256	0	20	0.0630853	4058	1.88906e-38	TRUE	NA	NA	NA	NA	NA
NC_045512.2	9502	C	T	1876	946	25	104	24	24	0.0525253	1980	4.45474e-16	TRUE	NA	NA	NA	NA	NA
NC_045512.2	9559	C	T	2212	1008	26	100	38	25	0.0432152	2314	3.11756e-13	TRUE	NA	NA	NA	NA	NA
NC_045512.2	9584	G	+T	4228	1758	25	128	0	20	0.0300752	4256	2.37845e-11	TRUE	NA	NA	NA	NA	NA
NC_045512.2	9587	A	-T	4068	1852	24	1138	0	20	0.278376	4088	2.45531e-251	TRUE	NA	NA	NA	NA	NA
NC_045512.2	9604	A	+T	4226	1784	25	146	0	20	0.0342884	4258	1.25382e-14	TRUE	NA	NA	NA	NA	NA
NC_045512.2	9616	T	-A	3542	1096	25	294	0	20	0.0825843	3560	3.48689e-50	TRUE	NA	NA	NA	NA	NA
NC_045512.2	9627	C	-T	4372	1928	24	738	0	20	0.168263	4386	1.09799e-152	TRUE	NA	NA	NA	NA	NA
NC_045512.2	9627	C	+T	4372	1928	24	186	0	20	0.0424077	4386	5.61677e-22	TRUE	NA	NA	NA	NA	NA
NC_045512.2	9747	T	-A	5872	3206	25	552	0	20	0.093591	5898	1.85747e-97	TRUE	NA	NA	NA	NA	NA
NC_045512.2	9766	T	-A	4606	2326	23	288	0	20	0.0623917	4616	1.67826e-42	TRUE	NA	NA	NA	NA	NA
NC_045512.2	9811	C	-T	2652	1646	24	146	0	20	0.0549699	2656	5.75921e-21	TRUE	NA	NA	NA	NA	NA
NC_045512.2	9811	C	+T	2652	1646	24	108	0	20	0.0406627	2656	5.98418e-13	TRUE	NA	NA	NA	NA	NA
NC_045512.2	9877	T	-A	4052	1900	25	1350	0	20	0.331858	4068	1.46181e-300	TRUE	NA	NA	NA	NA	NA
NC_045512.2	9891	C	T	1838	856	27	2724	1200	25	0.596845	4564	0	TRUE	NA	NA	NA	NA	NA
NC_045512.2	10029	C	T	2104	750	25	1672	798	26	0.442797	3776	0	TRUE	NA	NA	NA	NA	NA
NC_045512.2	10059	G	-T	3136	1786	24	124	0	20	0.0395408	3136	3.55842e-14	TRUE	NA	NA	NA	NA	NA
NC_045512.2	10065	G	-A	3890	1720	24	868	0	20	0.222336	3904	1.05681e-186	TRUE	NA	NA	NA	NA	NA
NC_045512.2	10301	C	-A	8444	4250	25	362	0	20	0.0427593	8466	4.64287e-41	TRUE	NA	NA	NA	NA	NA
NC_045512.2	10324	G	A	6348	2332	25	552	312	23	0.08	6900	1.29527e-99	TRUE	NA	NA	NA	NA	NA
NC_045512.2	10336	C	-A	3154	1428	23	148	0	20	0.0468651	3158	4.24237e-19	TRUE	NA	NA	NA	NA	NA
NC_045512.2	10386	C	-T	3008	1568	24	252	0	20	0.0836098	3014	4.49987e-43	TRUE	NA	NA	NA	NA	NA
NC_045512.2	10386	C	+T	3008	1568	24	220	0	20	0.0729927	3014	1.34239e-35	TRUE	NA	NA	NA	NA	NA
NC_045512.2	10394	G	A	2818	1490	25	114	62	24	0.0388813	2932	1.07493e-13	TRUE	NA	NA	NA	NA	NA
NC_045512.2	10396	G	-T	2660	1480	25	244	0	20	0.0915229	2666	1.15033e-43	TRUE	NA	NA	NA	NA	NA
NC_045512.2	10527	C	-T	1456	754	24	130	0	20	0.0892857	1456	8.18553e-24	TRUE	NA	NA	NA	NA	NA
NC_045512.2	10527	C	+T	1456	754	24	58	0	20	0.0398352	1456	1.44442e-07	TRUE	NA	NA	NA	NA	NA
NC_045512.2	10619	C	+A	1280	672	25	54	0	20	0.0420561	1284	1.39024e-07	TRUE	NA	NA	NA	NA	NA
NC_045512.2	10857	T	-AA	9664	4700	23	614	0	20	0.0633774	9688	7.77724e-90	TRUE	NA	NA	NA	NA	NA
NC_045512.2	10857	T	-A	9664	4700	23	3158	0	20	0.32597	9688	0	TRUE	NA	NA	NA	NA	NA
NC_045512.2	10871	C	-A	11056	4422	25	1804	0	20	0.16264	11092	0	TRUE	NA	NA	NA	NA	NA
NC_045512.2	10897	A	-T	5692	2004	24	648	0	20	0.113604	5704	6.82855e-121	TRUE	NA	NA	NA	NA	NA
NC_045512.2	10932	C	-T	6176	4114	24	364	0	20	0.0589378	6176	1.0413e-51	TRUE	NA	NA	NA	NA	NA
NC_045512.2	10965	C	+A	1898	548	24	228	0	20	0.119874	1902	3.02429e-44	TRUE	NA	NA	NA	NA	NA
NC_045512.2	10975	T	+A	2042	622	25	70	0	20	0.0337838	2072	6.93946e-08	TRUE	NA	NA	NA	NA	NA
NC_045512.2	10978	A	+G	1884	442	26	100	0	20	0.0521921	1916	1.66164e-14	TRUE	NA	NA	NA	NA	NA
NC_045512.2	10982	A	G	3038	502	25	148	36	23	0.0464241	3188	4.71006e-20	TRUE	NA	NA	NA	NA	NA
NC_045512.2	11024	A	+T	10268	5346	24	432	0	20	0.0420643	10270	8.54032e-48	TRUE	NA	NA	NA	NA	NA
NC_045512.2	11031	C	+T	11852	5592	25	448	0	20	0.0376787	11890	4.63496e-45	TRUE	NA	NA	NA	NA	NA
NC_045512.2	11036	C	+T	12176	5874	25	800	0	20	0.065606	12194	1.61535e-118	TRUE	NA	NA	NA	NA	NA
NC_045512.2	11042	G	+T	12130	5864	25	546	0	20	0.0448718	12168	1.99354e-63	TRUE	NA	NA	NA	NA	NA
NC_045512.2	11062	A	-T	8662	3738	23	610	0	20	0.0701311	8698	1.663e-94	TRUE	NA	NA	NA	NA	NA
NC_045512.2	11074	C	-TT	11530	5704	23	1538	0	20	0.130649	11772	3.88204e-302	TRUE	NA	NA	NA	NA	NA
NC_045512.2	11074	C	-T	11530	5704	23	4848	0	20	0.411825	11772	0	TRUE	NA	NA	NA	NA	NA
NC_045512.2	11074	C	+T	11530	5704	23	368	0	20	0.0312606	11772	1.48864e-31	TRUE	NA	NA	NA	NA	NA
NC_045512.2	11075	T	C	3824	120	24	308	264	23	0.0744321	4138	8.84793e-69	TRUE	NA	NA	NA	NA	NA
NC_045512.2	11087	G	-A	12042	6874	24	480	0	20	0.0397351	12080	1.5314e-50	TRUE	NA	NA	NA	NA	NA
NC_045512.2	11095	C	-T	9736	7068	24	514	0	20	0.0527612	9742	4.48943e-67	TRUE	NA	NA	NA	NA	NA
NC_045512.2	11095	C	+T	9736	7068	24	446	0	20	0.0457812	9742	1.01059e-52	TRUE	NA	NA	NA	NA	NA
NC_045512.2	11133	C	-T	9284	4598	24	296	0	20	0.0318485	9294	1.60833e-25	TRUE	NA	NA	NA	NA	NA
NC_045512.2	11153	A	C	14380	3064	25	5480	5238	24	0.275018	19926	0	TRUE	NA	NA	NA	NA	NA
NC_045512.2	11179	G	-T	25034	13350	24	3054	0	20	0.121152	25208	0	TRUE	NA	NA	NA	NA	NA
NC_045512.2	11201	A	G	15526	8768	25	9266	5094	25	0.373448	24812	0	TRUE	NA	NA	NA	NA	NA
NC_045512.2	11296	T	-A	8368	7072	23	366	0	20	0.0432011	8472	1.89606e-42	TRUE	NA	NA	NA	NA	NA
NC_045512.2	11332	A	G	12100	7498	26	7378	3766	24	0.378747	19480	0	TRUE	NA	NA	NA	NA	NA
NC_045512.2	11418	T	C	1966	774	24	3908	2180	26	0.665305	5874	0	TRUE	NA	NA	NA	NA	NA
NC_045512.2	11497	C	T	1164	656	26	40	20	24	0.0332226	1204	5.34394e-05	TRUE	NA	NA	NA	NA	NA
NC_045512.2	11514	C	T	1794	718	26	544	284	24	0.232678	2338	5.67411e-145	TRUE	NA	NA	NA	NA	NA
NC_045512.2	11521	G	-T	2326	1012	24	204	0	20	0.0873288	2336	4.91595e-36	TRUE	NA	NA	NA	NA	NA
NC_045512.2	11521	G	+T	2326	1012	24	80	0	20	0.0342466	2336	1.23396e-08	TRUE	NA	NA	NA	NA	NA
NC_045512.2	11540	G	-T	3690	1504	24	398	0	20	0.107859	3690	3.49635e-74	TRUE	NA	NA	NA	NA	NA
NC_045512.2	11574	T	C	3084	1550	23	168	40	25	0.0516605	3252	2.15468e-24	TRUE	NA	NA	NA	NA	NA
NC_045512.2	11577	T	-A	3206	1012	25	478	0	20	0.147167	3248	1.97369e-97	TRUE	NA	NA	NA	NA	NA
NC_045512.2	11628	A	-T	3776	1576	24	174	0	20	0.0459831	3784	5.63717e-22	TRUE	NA	NA	NA	NA	NA
NC_045512.2	11674	C	-T	3002	1242	25	96	0	20	0.0319574	3004	3.01541e-09	TRUE	NA	NA	NA	NA	NA
NC_045512.2	11779	C	-A	53762	22142	25	4008	0	20	0.0743931	53876	0	TRUE	NA	NA	NA	NA	NA
NC_045512.2	11845	T	-AA	48918	18476	24	2506	0	20	0.0506754	49452	3.14298e-314	TRUE	NA	NA	NA	NA	NA
NC_045512.2	11845	T	-A	48918	18476	24	14352	0	20	0.290221	49452	0	TRUE	NA	NA	NA	NA	NA
NC_045512.2	11869	A	T	54348	25290	26	1854	720	25	0.0329132	56330	4.61396e-164	TRUE	NA	NA	NA	NA	NA
NC_045512.2	11905	A	-G	46314	20010	25	9550	0	20	0.205112	46560	0	TRUE	NA	NA	NA	NA	NA
NC_045512.2	11920	T	+A	34728	19484	24	1382	0	20	0.0397309	34784	4.24338e-141	TRUE	NA	NA	NA	NA	NA
NC_045512.2	11990	G	-A	37450	15650	25	7976	0	20	0.208055	38336	0	TRUE	NA	NA	NA	NA	NA
NC_045512.2	12004	A	T	314	144	26	16	12	24	0.0363636	440	0.000709031	TRUE	NA	NA	NA	NA	NA
NC_045512.2	12004	A	G	314	144	26	16	12	23	0.0363636	440	0.000709031	TRUE	NA	NA	NA	NA	NA
NC_045512.2	12004	A	C	314	144	26	94	34	26	0.213636	440	1.21715e-27	TRUE	NA	NA	NA	NA	NA
NC_045512.2	12008	C	-T	186	84	25	6	0	20	0.0319149	188	0.0651506	FALSE	NA	NA	NA	NA	NA
NC_045512.2	12014	G	-T	178	88	25	8	0	20	0.043956	182	0.0203108	FALSE	NA	NA	NA	NA	NA
NC_045512.2	12049	C	T	674	370	26	24	8	24	0.034384	698	0.000646166	TRUE	NA	NA	NA	NA	NA
NC_045512.2	12133	T	C	476	128	24	22	16	24	0.0441767	498	0.000558168	TRUE	NA	NA	NA	NA	NA
NC_045512.2	12196	T	+A	504	328	24	16	0	20	0.031746	504	0.0152488	FALSE	NA	NA	NA	NA	NA
NC_045512.2	12207	A	T	562	332	25	22	10	27	0.0375427	586	0.000659523	TRUE	NA	NA	NA	NA	NA
NC_045512.2	12214	T	C	2372	888	24	102	2	23	0.0412288	2474	3.18819e-13	TRUE	NA	NA	NA	NA	NA
NC_045512.2	12269	G	-A	2434	1680	24	80	0	20	0.0328138	2438	2.83964e-08	TRUE	NA	NA	NA	NA	NA
NC_045512.2	12464	G	T	4504	2522	25	302	182	25	0.0627859	4810	5.01238e-48	TRUE	NA	NA	NA	NA	NA
NC_045512.2	12505	T	-A	14350	7040	24	1038	0	20	0.0722238	14372	6.99189e-161	TRUE	NA	NA	NA	NA	NA
NC_045512.2	12505	T	+A	14350	7040	24	708	0	20	0.0492625	14372	1.56448e-87	TRUE	NA	NA	NA	NA	NA
NC_045512.2	12583	T	-A	34704	19244	25	2260	0	20	0.0650247	34756	0	TRUE	NA	NA	NA	NA	NA
NC_045512.2	12946	T	C	9802	2158	25	792	298	26	0.0746606	10608	1.62685e-136	TRUE	NA	NA	NA	NA	NA
NC_045512.2	12958	T	-A	9942	4188	23	820	0	20	0.0824286	9948	2.03278e-135	TRUE	NA	NA	NA	NA	NA
NC_045512.2	13019	C	T	2198	874	25	4494	1862	26	0.670947	6698	0	TRUE	NA	NA	NA	NA	NA
NC_045512.2	13077	C	-TT	3466	2078	25	348	0	20	0.100288	3470	1.7583e-63	TRUE	NA	NA	NA	NA	NA
NC_045512.2	13080	T	G	2512	2096	26	264	0	23	0.0947595	2786	5.47292e-53	TRUE	NA	NA	NA	NA	NA
NC_045512.2	13081	T	-G	2472	2094	25	228	0	20	0.0908367	2510	5.87896e-41	TRUE	NA	NA	NA	NA	NA
NC_045512.2	13123	T	-G	14164	5858	24	1252	0	20	0.0880574	14218	5.34496e-212	TRUE	NA	NA	NA	NA	NA
NC_045512.2	13128	G	A	6226	6018	24	222	18	23	0.0343866	6456	2.34803e-22	TRUE	NA	NA	NA	NA	NA
NC_045512.2	13202	G	T	13976	7584	24	546	266	25	0.0375723	14532	3.80917e-57	TRUE	NA	NA	NA	NA	NA
NC_045512.2	13225	C	-T	12882	7296	24	5456	0	20	0.423405	12886	0	TRUE	NA	NA	NA	NA	NA
NC_045512.2	13234	T	C	15412	7502	26	604	260	25	0.0375388	16090	1.43816e-63	TRUE	NA	NA	NA	NA	NA
NC_045512.2	13282	T	-A	13046	6370	24	472	0	20	0.0359427	13132	3.09563e-45	TRUE	NA	NA	NA	NA	NA
NC_045512.2	13288	A	-T	33598	15044	24	1668	0	20	0.0495986	33630	7.82108e-204	TRUE	NA	NA	NA	NA	NA
NC_045512.2	13299	T	-A	28962	15474	23	6336	0	20	0.218513	28996	0	TRUE	NA	NA	NA	NA	NA
NC_045512.2	13360	T	-A	18204	10120	23	1386	0	20	0.0760118	18234	2.9703e-219	TRUE	NA	NA	NA	NA	NA
NC_045512.2	13459	G	+T	20214	8212	25	616	0	20	0.0303957	20266	3.78419e-48	TRUE	NA	NA	NA	NA	NA
NC_045512.2	13571	G	-T	3050	1972	24	214	0	20	0.070072	3054	3.29307e-34	TRUE	NA	NA	NA	NA	NA
NC_045512.2	13586	T	-A	6438	1832	24	584	0	20	0.0903465	6464	2.75912e-101	TRUE	NA	NA	NA	NA	NA
NC_045512.2	13631	A	+T	5546	1990	23	222	0	20	0.0399712	5554	2.08556e-24	TRUE	NA	NA	NA	NA	NA
NC_045512.2	13743	C	-T	918	544	25	32	0	20	0.0348584	918	0.000284566	TRUE	NA	NA	NA	NA	NA
NC_045512.2	13810	A	-T	206	96	24	12	0	20	0.0582524	206	0.00795401	TRUE	NA	NA	NA	NA	NA
NC_045512.2	13811	T	G	234	98	25	18	2	22	0.0666667	270	6.1672e-05	TRUE	NA	NA	NA	NA	NA
NC_045512.2	13811	T	C	234	98	25	12	2	27	0.0444444	270	0.00284113	TRUE	NA	NA	NA	NA	NA
NC_045512.2	13829	C	-T	11214	5240	24	626	0	20	0.0557535	11228	2.78421e-84	TRUE	NA	NA	NA	NA	NA
NC_045512.2	13907	A	-T	10866	5992	24	1210	0	20	0.110907	10910	5.97985e-223	TRUE	NA	NA	NA	NA	NA
NC_045512.2	13914	T	-A	10352	5532	23	466	0	20	0.0447131	10422	2.35443e-54	TRUE	NA	NA	NA	NA	NA
NC_045512.2	13931	A	-T	11210	6606	24	350	0	20	0.0311554	11234	6.34225e-29	TRUE	NA	NA	NA	NA	NA
NC_045512.2	13966	G	-C	9426	4208	24	600	0	20	0.0632378	9488	3.73214e-88	TRUE	NA	NA	NA	NA	NA
NC_045512.2	13994	C	-T	11918	6390	25	1126	0	20	0.0941787	11956	3.70041e-196	TRUE	NA	NA	NA	NA	NA
NC_045512.2	14000	T	-A	9310	6748	24	830	0	20	0.0890558	9320	1.86018e-141	TRUE	NA	NA	NA	NA	NA
NC_045512.2	14014	T	G	10972	5828	24	690	386	26	0.059126	11670	8.63855e-104	TRUE	NA	NA	NA	NA	NA
NC_045512.2	14041	A	-T	656	304	25	22	0	20	0.0326409	674	0.00180176	TRUE	NA	NA	NA	NA	NA
NC_045512.2	14082	T	-A	540	210	25	52	0	20	0.095941	542	1.02733e-10	TRUE	NA	NA	NA	NA	NA
NC_045512.2	14085	C	T	702	312	25	40	8	26	0.0539084	742	3.77884e-07	TRUE	NA	NA	NA	NA	NA
NC_045512.2	14253	A	T	1606	448	24	82	82	25	0.0485782	1688	4.11183e-12	TRUE	NA	NA	NA	NA	NA
NC_045512.2	14279	T	-A	2366	1648	24	100	0	20	0.0421941	2370	1.57118e-12	TRUE	NA	NA	NA	NA	NA
NC_045512.2	14286	C	+T	2768	1610	25	108	0	20	0.0390173	2768	1.53487e-12	TRUE	NA	NA	NA	NA	NA
NC_045512.2	14376	C	+T	416	200	24	16	0	20	0.0382775	418	0.00679615	TRUE	NA	NA	NA	NA	NA
NC_045512.2	14383	G	+T	426	208	25	20	0	20	0.0469484	426	0.000995087	TRUE	NA	NA	NA	NA	NA
NC_045512.2	14408	C	T	46	28	24	5374	2372	25	0.991513	5420	0	TRUE	NA	NA	NA	NA	NA
NC_045512.2	14432	G	-A	11432	5454	25	1242	0	20	0.108528	11444	9.02644e-227	TRUE	NA	NA	NA	NA	NA
NC_045512.2	14625	C	-T	6346	3006	25	234	0	20	0.0368156	6356	8.72337e-24	TRUE	NA	NA	NA	NA	NA
NC_045512.2	14703	C	-TT	7966	4500	25	2102	0	20	0.263607	7974	0	TRUE	NA	NA	NA	NA	NA
NC_045512.2	14703	C	-T	7966	4500	25	332	0	20	0.0416353	7974	6.24635e-37	TRUE	NA	NA	NA	NA	NA
NC_045512.2	14738	G	+T	3006	1836	24	570	0	20	0.189495	3008	4.87399e-120	TRUE	NA	NA	NA	NA	NA
NC_045512.2	14750	T	-A	2300	1372	22	92	0	20	0.0398614	2308	6.15704e-11	TRUE	NA	NA	NA	NA	NA
NC_045512.2	14822	C	-A	3212	1702	23	1556	0	20	0.479655	3244	0	TRUE	NA	NA	NA	NA	NA
NC_045512.2	14825	C	-A	3314	1714	24	130	0	20	0.039039	3330	1.06731e-14	TRUE	NA	NA	NA	NA	NA
NC_045512.2	14850	A	-T	4130	1760	24	1212	0	20	0.292189	4148	6.40846e-268	TRUE	NA	NA	NA	NA	NA
NC_045512.2	14880	T	G	2900	2004	24	138	30	22	0.0452459	3050	1.4335e-18	TRUE	NA	NA	NA	NA	NA
NC_045512.2	14946	T	-G	15348	2674	25	864	0	20	0.0558862	15460	8.36099e-117	TRUE	NA	NA	NA	NA	NA
NC_045512.2	14947	G	-GT	15186	2074	25	1788	0	20	0.109465	16334	0	TRUE	NA	NA	NA	NA	NA
NC_045512.2	15032	C	-A	22356	11456	25	760	0	20	0.0339528	22384	4.93361e-67	TRUE	NA	NA	NA	NA	NA
NC_045512.2	15061	C	-A	25358	12900	24	988	0	20	0.0389344	25376	1.9305e-99	TRUE	NA	NA	NA	NA	NA
NC_045512.2	15157	C	-A	7078	3588	24	1038	0	20	0.146115	7104	1.23013e-206	TRUE	NA	NA	NA	NA	NA
NC_045512.2	15245	T	-A	5526	3890	24	208	0	20	0.0375858	5534	1.12795e-21	TRUE	NA	NA	NA	NA	NA
NC_045512.2	15268	G	-A	3156	1736	24	254	0	20	0.0803797	3160	5.99975e-43	TRUE	NA	NA	NA	NA	NA
NC_045512.2	15451	G	A	306	80	23	27680	15332	26	0.988501	28002	0	TRUE	NA	NA	NA	NA	NA
NC_045512.2	15517	G	-T	27262	14796	24	4038	0	20	0.147858	27310	0	TRUE	NA	NA	NA	NA	NA
NC_045512.2	15579	C	+A	21768	10930	25	1394	0	20	0.0639919	21784	1.22413e-201	TRUE	NA	NA	NA	NA	NA
NC_045512.2	15745	A	T	206	88	26	10	8	24	0.0384615	260	0.00794635	TRUE	NA	NA	NA	NA	NA
NC_045512.2	15745	A	G	206	88	26	18	18	23	0.0692308	260	4.30607e-05	TRUE	NA	NA	NA	NA	NA
NC_045512.2	15745	A	C	206	88	26	26	4	26	0.1	260	1.94642e-07	TRUE	NA	NA	NA	NA	NA
NC_045512.2	15746	C	+T	152	70	25	6	0	20	0.038961	154	0.0657447	FALSE	NA	NA	NA	NA	NA
NC_045512.2	15753	A	T	40	10	26	2	2	28	0.047619	42	0.253012	FALSE	NA	NA	NA	NA	NA
NC_045512.2	15756	T	C	38	10	25	2	2	21	0.05	40	0.253165	FALSE	NA	NA	NA	NA	NA
NC_045512.2	15757	C	T	36	10	26	2	2	21	0.0526316	38	0.253333	FALSE	NA	NA	NA	NA	NA
NC_045512.2	15759	A	G	32	8	23	2	2	21	0.0588235	34	0.253731	FALSE	NA	NA	NA	NA	NA
NC_045512.2	15767	T	G	38	10	25	4	2	27	0.0869565	46	0.0502854	FALSE	NA	NA	NA	NA	NA
NC_045512.2	15767	T	A	38	10	25	4	2	23	0.0869565	46	0.0502854	FALSE	NA	NA	NA	NA	NA
NC_045512.2	15805	C	-A	6636	1624	25	330	0	20	0.0496091	6652	4.49799e-42	TRUE	NA	NA	NA	NA	NA
NC_045512.2	15814	G	-T	7116	2274	24	352	0	20	0.0493274	7136	1.62313e-44	TRUE	NA	NA	NA	NA	NA
NC_045512.2	15814	G	+T	7116	2274	24	318	0	20	0.0445628	7136	2.01214e-37	TRUE	NA	NA	NA	NA	NA
NC_045512.2	15954	A	+GC	21062	7954	24	774	0	20	0.0365715	21164	3.71809e-74	TRUE	NA	NA	NA	NA	NA
NC_045512.2	15965	G	+T	16440	4324	24	668	0	20	0.0404163	16528	1.29258e-70	TRUE	NA	NA	NA	NA	NA
NC_045512.2	15982	G	-T	17230	3580	25	642	0	20	0.0370071	17348	9.74793e-63	TRUE	NA	NA	NA	NA	NA
NC_045512.2	15983	T	-A	14018	686	24	2134	0	20	0.150791	14152	0	TRUE	NA	NA	NA	NA	NA
NC_045512.2	16386	C	T	51622	19710	26	2600	1116	26	0.047447	54798	0	TRUE	NA	NA	NA	NA	NA
NC_045512.2	16466	C	T	1744	598	24	46222	18804	26	0.963239	47986	0	TRUE	NA	NA	NA	NA	NA
NC_045512.2	16471	A	C	11206	2430	24	454	56	23	0.0387372	11720	1.26851e-49	TRUE	NA	NA	NA	NA	NA
NC_045512.2	16471	A	-T	11206	2430	24	420	0	20	0.0358117	11728	7.97951e-43	TRUE	NA	NA	NA	NA	NA
NC_045512.2	16471	A	+T	11206	2430	24	748	0	20	0.063779	11728	1.16927e-114	TRUE	NA	NA	NA	NA	NA
NC_045512.2	16475	G	-T	13346	3098	24	690	0	20	0.0511035	13502	1.78893e-88	TRUE	NA	NA	NA	NA	NA
NC_045512.2	16497	A	+T	15056	3370	25	480	0	20	0.0317083	15138	4.76139e-40	TRUE	NA	NA	NA	NA	NA
NC_045512.2	16501	G	-T	16530	5414	24	1414	0	20	0.0844784	16738	2.21112e-237	TRUE	NA	NA	NA	NA	NA
NC_045512.2	16513	T	+A	27008	7956	24	1530	0	20	0.0564701	27094	1.30542e-205	TRUE	NA	NA	NA	NA	NA
NC_045512.2	16515	T	A	23914	5038	24	2852	2800	23	0.106458	26790	0	TRUE	NA	NA	NA	NA	NA
NC_045512.2	16515	T	-A	23914	5038	24	5692	0	20	0.212436	26794	0	TRUE	NA	NA	NA	NA	NA
NC_045512.2	16516	A	T	14706	58	24	2062	1996	22	0.122811	16790	0	TRUE	NA	NA	NA	NA	NA
NC_045512.2	16549	G	+T	31234	11430	24	1094	0	20	0.0349097	31338	1.16355e-98	TRUE	NA	NA	NA	NA	NA
NC_045512.2	16554	T	+A	23988	14952	23	746	0	20	0.0309852	24076	2.01247e-59	TRUE	NA	NA	NA	NA	NA
NC_045512.2	16630	C	-T	29754	14560	24	4518	0	20	0.151529	29816	0	TRUE	NA	NA	NA	NA	NA
NC_045512.2	16726	C	T	30372	14922	26	1076	510	25	0.0342043	31458	3.56967e-100	TRUE	NA	NA	NA	NA	NA
NC_045512.2	16800	T	-A	16988	8588	25	1722	0	20	0.100643	17110	3.93297e-307	TRUE	NA	NA	NA	NA	NA
NC_045512.2	16816	C	-A	15868	7500	25	3500	0	20	0.219849	15920	0	TRUE	NA	NA	NA	NA	NA
NC_045512.2	16837	G	-A	16324	8614	25	1270	0	20	0.0774013	16408	1.97145e-203	TRUE	NA	NA	NA	NA	NA
NC_045512.2	16907	A	-T	36172	17444	25	3682	0	20	0.101589	36244	0	TRUE	NA	NA	NA	NA	NA
NC_045512.2	17105	A	-T	11806	6418	25	4740	0	20	0.399124	11876	0	TRUE	NA	NA	NA	NA	NA
NC_045512.2	17197	G	-C	46560	21098	23	1800	0	20	0.0385637	46676	3.79162e-178	TRUE	NA	NA	NA	NA	NA
NC_045512.2	17236	A	G	39956	18670	26	7792	3678	26	0.163135	47764	0	TRUE	NA	NA	NA	NA	NA
NC_045512.2	17261	G	-T	74152	35796	25	2664	0	20	0.0358846	74238	2.23048e-243	TRUE	NA	NA	NA	NA	NA
NC_045512.2	17406	A	G	27632	15016	26	23238	13796	25	0.45656	50898	0	TRUE	NA	NA	NA	NA	NA
NC_045512.2	17523	G	-A	33136	16942	25	1438	0	20	0.0432559	33244	1.68461e-158	TRUE	NA	NA	NA	NA	NA
NC_045512.2	17652	T	+A	11610	7570	24	352	0	20	0.0301473	11676	2.9681e-28	TRUE	NA	NA	NA	NA	NA
NC_045512.2	17722	G	-T	7394	3634	23	480	0	20	0.0641883	7478	6.61226e-72	TRUE	NA	NA	NA	NA	NA
NC_045512.2	17846	A	-G	8378	2918	25	662	0	20	0.0786597	8416	1.02741e-107	TRUE	NA	NA	NA	NA	NA
NC_045512.2	17878	C	-A	4934	1062	25	192	0	20	0.0388507	4942	8.71887e-21	TRUE	NA	NA	NA	NA	NA
NC_045512.2	17939	C	-A	4040	486	25	198	0	20	0.0487205	4064	7.82813e-26	TRUE	NA	NA	NA	NA	NA
NC_045512.2	18003	T	C	530	252	27	22	10	25	0.0398551	552	0.000675544	TRUE	NA	NA	NA	NA	NA
NC_045512.2	18153	A	G	8050	4892	26	458	276	25	0.0537811	8516	5.27122e-65	TRUE	NA	NA	NA	NA	NA
NC_045512.2	18215	G	+T	6296	5750	25	228	0	20	0.035625	6400	8.18657e-23	TRUE	NA	NA	NA	NA	NA
NC_045512.2	18312	C	T	1978	1120	26	66	44	26	0.0322896	2044	2.4759e-07	TRUE	NA	NA	NA	NA	NA
NC_045512.2	18314	A	-G	2036	1158	25	80	0	20	0.0391007	2046	1.02109e-09	TRUE	NA	NA	NA	NA	NA
NC_045512.2	18360	A	G	1894	1112	25	76	54	26	0.0385396	1972	9.71223e-10	TRUE	NA	NA	NA	NA	NA
NC_045512.2	18364	C	-T	1906	1078	25	58	0	20	0.0303347	1912	6.93179e-06	TRUE	NA	NA	NA	NA	NA
NC_045512.2	18368	G	-T	1526	1158	24	226	0	20	0.147906	1528	1.81529e-46	TRUE	NA	NA	NA	NA	NA
NC_045512.2	18434	A	-T	1004	572	24	276	0	20	0.273267	1010	7.29082e-62	TRUE	NA	NA	NA	NA	NA
NC_045512.2	18463	C	A	3686	1274	24	130	66	25	0.0340314	3820	1.28789e-13	TRUE	NA	NA	NA	NA	NA
NC_045512.2	18561	T	+A	4270	2860	24	144	0	20	0.0336449	4280	3.80981e-14	TRUE	NA	NA	NA	NA	NA
NC_045512.2	18636	G	-A	5324	2994	25	182	0	20	0.0340441	5346	1.52453e-17	TRUE	NA	NA	NA	NA	NA
NC_045512.2	18907	G	T	7180	3576	27	238	126	26	0.0320323	7430	5.30766e-22	TRUE	NA	NA	NA	NA	NA
NC_045512.2	19113	C	-A	6290	3418	25	242	0	20	0.0383761	6306	2.36452e-25	TRUE	NA	NA	NA	NA	NA
NC_045512.2	19122	T	-A	6244	3364	25	238	0	20	0.0379828	6266	5.45078e-25	TRUE	NA	NA	NA	NA	NA
NC_045512.2	19164	C	-A	474	266	25	16	0	20	0.0337553	474	0.0068594	TRUE	NA	NA	NA	NA	NA
NC_045512.2	19188	A	-T	1814	780	25	86	0	20	0.0473568	1816	1.06122e-11	TRUE	NA	NA	NA	NA	NA
NC_045512.2	19220	C	T	1582	660	26	984	286	25	0.382879	2570	8.86638e-304	TRUE	NA	NA	NA	NA	NA
NC_045512.2	19231	G	-T	2424	896	24	194	0	20	0.0786699	2466	1.54094e-33	TRUE	NA	NA	NA	NA	NA
NC_045512.2	19368	A	-TT	4410	2196	24	394	0	20	0.0876725	4494	1.82611e-69	TRUE	NA	NA	NA	NA	NA
NC_045512.2	19368	A	-T	4410	2196	24	2556	0	20	0.568758	4494	0	TRUE	NA	NA	NA	NA	NA
NC_045512.2	19369	T	A	212	22	23	90	38	23	0.292208	308	1.84927e-69	TRUE	NA	NA	NA	NA	NA
NC_045512.2	19469	G	-C	4230	1730	25	130	0	20	0.0306171	4246	1.20029e-11	TRUE	NA	NA	NA	NA	NA
NC_045512.2	19519	T	C	4314	1952	26	192	60	26	0.0426099	4506	1.23114e-23	TRUE	NA	NA	NA	NA	NA
NC_045512.2	19586	C	T	2482	932	25	158	40	24	0.0596226	2650	2.1021e-25	TRUE	NA	NA	NA	NA	NA
NC_045512.2	19590	T	-A	2080	994	24	232	0	20	0.110899	2092	7.99438e-45	TRUE	NA	NA	NA	NA	NA
NC_045512.2	19699	A	-T	394	192	25	12	0	20	0.030303	396	0.0190954	FALSE	NA	NA	NA	NA	NA
NC_045512.2	19718	C	-A	1816	696	24	70	0	20	0.0384193	1822	1.82007e-08	TRUE	NA	NA	NA	NA	NA
NC_045512.2	19750	G	-A	4856	2216	23	412	0	20	0.0845996	4870	3.87559e-70	TRUE	NA	NA	NA	NA	NA
NC_045512.2	19766	T	-A	3766	2572	24	114	0	20	0.0301587	3780	2.39617e-10	TRUE	NA	NA	NA	NA	NA
NC_045512.2	19827	G	-A	5010	2676	25	182	0	20	0.0362984	5014	1.79196e-18	TRUE	NA	NA	NA	NA	NA
NC_045512.2	19983	C	-T	4086	2042	24	316	0	20	0.0770732	4100	1.02214e-51	TRUE	NA	NA	NA	NA	NA
NC_045512.2	19983	C	+T	4086	2042	24	238	0	20	0.0580488	4100	5.99686e-34	TRUE	NA	NA	NA	NA	NA
NC_045512.2	19987	T	-TTG	4332	2272	25	140	0	20	0.0322432	4342	4.36179e-13	TRUE	NA	NA	NA	NA	NA
NC_045512.2	19988	T	-TG	4188	2126	25	1360	0	20	0.313798	4334	6.55154e-310	TRUE	NA	NA	NA	NA	NA
NC_045512.2	19989	T	-G	574	544	23	266	0	20	0.127517	2086	1.21115e-131	TRUE	NA	NA	NA	NA	NA
NC_045512.2	20088	T	+C	28	18	25	2	0	20	0.0714286	28	0.272556	FALSE	NA	NA	NA	NA	NA
NC_045512.2	20135	T	-A	2952	1572	24	360	0	20	0.121622	2960	8.82212e-70	TRUE	NA	NA	NA	NA	NA
NC_045512.2	20235	C	T	2484	1594	25	110	54	26	0.0423729	2596	1.55682e-14	TRUE	NA	NA	NA	NA	NA
NC_045512.2	20385	T	+A	29552	14342	26	1176	0	20	0.0397109	29614	3.62426e-120	TRUE	NA	NA	NA	NA	NA
NC_045512.2	20390	G	+T	30332	15110	25	1206	0	20	0.0396737	30398	2.02997e-123	TRUE	NA	NA	NA	NA	NA
NC_045512.2	20405	C	-T	21376	16054	24	4378	0	20	0.204388	21420	0	TRUE	NA	NA	NA	NA	NA
NC_045512.2	20445	T	-A	23936	15522	23	7344	0	20	0.306357	23972	0	TRUE	NA	NA	NA	NA	NA
NC_045512.2	20481	A	G	9778	5710	25	350	192	26	0.0344964	10146	2.66762e-34	TRUE	NA	NA	NA	NA	NA
NC_045512.2	20522	A	-T	14054	7476	25	532	0	20	0.037768	14086	3.82358e-53	TRUE	NA	NA	NA	NA	NA
NC_045512.2	20537	T	-A	13742	7536	25	530	0	20	0.0385007	13766	8.19525e-54	TRUE	NA	NA	NA	NA	NA
NC_045512.2	20699	T	C	2952	686	25	98	28	23	0.0321101	3052	4.1424e-10	TRUE	NA	NA	NA	NA	NA
NC_045512.2	20714	G	+A	3652	1616	25	142	0	20	0.0387766	3662	6.82901e-16	TRUE	NA	NA	NA	NA	NA
NC_045512.2	20792	C	-A	5692	2768	24	318	0	20	0.0558091	5698	4.15405e-44	TRUE	NA	NA	NA	NA	NA
NC_045512.2	20864	A	-T	5934	3088	25	206	0	20	0.0346102	5952	6.0138e-20	TRUE	NA	NA	NA	NA	NA
NC_045512.2	21024	T	-A	18322	6876	24	996	0	20	0.0541422	18396	3.47401e-131	TRUE	NA	NA	NA	NA	NA
NC_045512.2	21037	A	-T	31636	14242	25	2782	0	20	0.0871882	31908	0	TRUE	NA	NA	NA	NA	NA
NC_045512.2	21063	G	+A	34736	12334	25	1522	0	20	0.0437482	34790	5.03721e-169	TRUE	NA	NA	NA	NA	NA
NC_045512.2	21066	T	-A	36266	14278	24	2168	0	20	0.0594135	36490	7.7965e-301	TRUE	NA	NA	NA	NA	NA
NC_045512.2	21066	T	+A	36266	14278	24	1228	0	20	0.0336531	36490	8.24816e-107	TRUE	NA	NA	NA	NA	NA
NC_045512.2	21077	C	-A	36042	14222	24	1420	0	20	0.0391185	36300	1.03893e-143	TRUE	NA	NA	NA	NA	NA
NC_045512.2	21101	G	-T	24948	17906	23	8666	0	20	0.344682	25142	0	TRUE	NA	NA	NA	NA	NA
NC_045512.2	21133	C	-A	41242	19236	25	3072	0	20	0.0744042	41288	0	TRUE	NA	NA	NA	NA	NA
NC_045512.2	21220	G	-C	3310	1028	26	364	0	20	0.109375	3328	3.15932e-68	TRUE	NA	NA	NA	NA	NA
NC_045512.2	21270	A	+T	52682	18364	25	1946	0	20	0.0368742	52774	8.49733e-184	TRUE	NA	NA	NA	NA	NA
NC_045512.2	21349	T	G	21498	20992	25	16328	180	24	0.431182	37868	0	TRUE	NA	NA	NA	NA	NA
NC_045512.2	21386	C	-T	1938	980	25	88	0	20	0.0453608	1940	1.07292e-11	TRUE	NA	NA	NA	NA	NA
NC_045512.2	21421	A	-G	1584	1004	24	48	0	20	0.0302267	1588	2.54872e-05	TRUE	NA	NA	NA	NA	NA
NC_045512.2	21440	C	T	1906	1012	25	64	30	24	0.0324544	1972	2.5007e-07	TRUE	NA	NA	NA	NA	NA
NC_045512.2	21536	A	-T	256	148	25	8	0	20	0.0310078	258	0.0578085	FALSE	NA	NA	NA	NA	NA
NC_045512.2	21569	G	-T	892	464	24	90	0	20	0.100671	894	4.55562e-18	TRUE	NA	NA	NA	NA	NA
NC_045512.2	21618	C	G	6	0	21	2752	1368	26	0.995658	2764	0	TRUE	NA	NA	NA	NA	NA
NC_045512.2	21622	C	T	1672	932	25	998	496	26	0.373503	2672	1.99844e-305	TRUE	NA	NA	NA	NA	NA
NC_045512.2	21634	A	-C	2680	1408	24	244	0	20	0.0906389	2692	8.74417e-44	TRUE	NA	NA	NA	NA	NA
NC_045512.2	21660	C	T	2696	1394	25	92	42	25	0.0329986	2788	5.96117e-10	TRUE	NA	NA	NA	NA	NA
NC_045512.2	21701	G	-T	1998	1042	24	68	0	20	0.034	2000	2.30418e-07	TRUE	NA	NA	NA	NA	NA
NC_045512.2	21736	C	-T	1978	1120	24	78	0	20	0.0391174	1994	9.51306e-10	TRUE	NA	NA	NA	NA	NA
NC_045512.2	21781	C	-A	1650	918	23	106	0	20	0.0642424	1650	4.76381e-17	TRUE	NA	NA	NA	NA	NA
NC_045512.2	21792	A	C	1962	1214	25	78	42	26	0.0380488	2050	8.27646e-10	TRUE	NA	NA	NA	NA	NA
NC_045512.2	21834	A	-T	34	12	25	4	0	20	0.117647	34	0.0759699	FALSE	NA	NA	NA	NA	NA
NC_045512.2	21836	T	C	34	14	26	2	0	25	0.0555556	36	0.253521	FALSE	NA	NA	NA	NA	NA
NC_045512.2	21839	G	A	32	14	25	4	0	25	0.111111	36	0.0606246	FALSE	NA	NA	NA	NA	NA
NC_045512.2	21842	T	G	50	28	24	8	4	25	0.129032	62	0.00244413	TRUE	NA	NA	NA	NA	NA
NC_045512.2	21842	T	C	50	28	24	4	0	25	0.0645161	62	0.045745	FALSE	NA	NA	NA	NA	NA
NC_045512.2	21875	A	-T	8194	4338	24	1608	0	20	0.195906	8208	0	TRUE	NA	NA	NA	NA	NA
NC_045512.2	21979	A	-T	7760	3982	24	1516	0	20	0.19411	7810	3.03761e-319	TRUE	NA	NA	NA	NA	NA
NC_045512.2	21987	G	A	36	36	22	8088	4348	25	0.991906	8154	0	TRUE	NA	NA	NA	NA	NA
NC_045512.2	22000	C	-A	8144	4444	24	990	0	20	0.120997	8182	2.08295e-188	TRUE	NA	NA	NA	NA	NA
NC_045512.2	22009	C	+A	8162	4594	25	340	0	20	0.0416055	8172	9.40028e-38	TRUE	NA	NA	NA	NA	NA
NC_045512.2	22028	G	-AGTTCA	11446	4778	24	11190	0	20	0.952827	11744	0	TRUE	NA	NA	NA	NA	NA
NC_045512.2	22032	T	G	18	18	22	2	2	23	0.1	20	0.0170839	FALSE	NA	NA	NA	NA	NA
NC_045512.2	22033	C	T	32	24	25	4	4	22	0.105263	38	0.00048089	TRUE	NA	NA	NA	NA	NA
NC_045512.2	22033	C	G	32	24	25	2	2	20	0.0526316	38	0.0458885	FALSE	NA	NA	NA	NA	NA
NC_045512.2	22034	A	T	4	2	26	256	148	24	0.847682	302	0	TRUE	NA	NA	NA	NA	NA
NC_045512.2	22034	A	G	4	2	26	42	34	23	0.139073	302	1.25801e-76	TRUE	NA	NA	NA	NA	NA
NC_045512.2	22062	C	-T	7028	3118	25	288	0	20	0.0409323	7036	1.10688e-31	TRUE	NA	NA	NA	NA	NA
NC_045512.2	22062	C	+T	7028	3118	25	250	0	20	0.0355316	7036	2.45128e-24	TRUE	NA	NA	NA	NA	NA
NC_045512.2	22120	C	-A	8494	3778	24	766	0	20	0.0898007	8530	1.22027e-131	TRUE	NA	NA	NA	NA	NA
NC_045512.2	22161	A	-T	8858	4092	24	334	0	20	0.0376126	8880	5.49859e-34	TRUE	NA	NA	NA	NA	NA
NC_045512.2	22165	T	-A	4882	4194	24	176	0	20	0.0355843	4946	5.06115e-18	TRUE	NA	NA	NA	NA	NA
NC_045512.2	22218	G	-T	1098	772	23	102	0	20	0.092559	1102	5.32384e-19	TRUE	NA	NA	NA	NA	NA
NC_045512.2	22227	C	T	1220	604	24	256	28	23	0.173442	1476	3.8526e-64	TRUE	NA	NA	NA	NA	NA
NC_045512.2	22245	A	-T	2084	1034	24	70	0	20	0.0334608	2092	8.99853e-08	TRUE	NA	NA	NA	NA	NA
NC_045512.2	22383	C	+T	2982	1260	24	180	0	20	0.0602813	2986	5.04624e-27	TRUE	NA	NA	NA	NA	NA
NC_045512.2	22403	G	-A	3102	1458	24	106	0	20	0.0341275	3106	9.41764e-11	TRUE	NA	NA	NA	NA	NA
NC_045512.2	22427	G	A	3000	1418	26	334	168	26	0.10018	3334	3.33655e-67	TRUE	NA	NA	NA	NA	NA
NC_045512.2	22471	G	-A	2622	1274	24	244	0	20	0.0925645	2636	8.93145e-44	TRUE	NA	NA	NA	NA	NA
NC_045512.2	22487	G	-A	3196	1524	24	426	0	20	0.132876	3206	8.68665e-84	TRUE	NA	NA	NA	NA	NA
NC_045512.2	22524	A	T	2996	1362	24	118	70	26	0.0378448	3118	9.33791e-14	TRUE	NA	NA	NA	NA	NA
NC_045512.2	22572	C	-T	2180	1724	23	186	0	20	0.0852429	2182	6.83003e-33	TRUE	NA	NA	NA	NA	NA
NC_045512.2	22610	G	+T	488	198	25	30	0	20	0.0614754	488	4.99704e-06	TRUE	NA	NA	NA	NA	NA
NC_045512.2	22681	A	-T	486	240	24	56	0	20	0.115226	486	2.24714e-12	TRUE	NA	NA	NA	NA	NA
NC_045512.2	22685	T	C	222	210	24	142	4	24	0.39011	364	8.72482e-46	TRUE	NA	NA	NA	NA	NA
NC_045512.2	22689	C	-T	124	58	25	6	0	20	0.0483871	124	0.0693076	FALSE	NA	NA	NA	NA	NA
NC_045512.2	22689	C	+T	124	58	25	6	0	20	0.0483871	124	0.0693076	FALSE	NA	NA	NA	NA	NA
NC_045512.2	22704	G	A	44	26	24	2	0	26	0.0434783	46	0.252747	FALSE	NA	NA	NA	NA	NA
NC_045512.2	22708	G	A	56	28	26	2	0	26	0.0344828	58	0.252174	FALSE	NA	NA	NA	NA	NA
NC_045512.2	22715	A	G	52	24	25	2	0	25	0.037037	54	0.252336	FALSE	NA	NA	NA	NA	NA
NC_045512.2	22719	A	G	58	28	26	2	0	27	0.0333333	60	0.252101	FALSE	NA	NA	NA	NA	NA
NC_045512.2	22722	T	-A	42	22	24	18	0	20	0.428571	42	2.479e-05	TRUE	NA	NA	NA	NA	NA
NC_045512.2	22722	T	+A	42	22	24	2	0	20	0.047619	42	0.264986	FALSE	NA	NA	NA	NA	NA
NC_045512.2	22730	C	+T	54	24	25	2	0	20	0.037037	54	0.261638	FALSE	NA	NA	NA	NA	NA
NC_045512.2	22736	T	C	42	14	24	2	2	29	0.0454545	44	0.252874	FALSE	NA	NA	NA	NA	NA
NC_045512.2	22741	T	+C	58	28	25	2	0	20	0.0344828	58	0.260831	FALSE	NA	NA	NA	NA	NA
NC_045512.2	22750	T	C	54	26	25	4	0	27	0.0689655	58	0.0613698	FALSE	NA	NA	NA	NA	NA
NC_045512.2	22759	A	-T	56	26	25	2	0	20	0.0357143	56	0.26122	FALSE	NA	NA	NA	NA	NA
NC_045512.2	22768	T	+G	54	28	24	2	0	20	0.037037	54	0.261638	FALSE	NA	NA	NA	NA	NA
NC_045512.2	22917	T	G	4	2	25	12382	4952	25	0.998548	12400	0	TRUE	NA	NA	NA	NA	NA
NC_045512.2	22950	C	-T	9618	7602	24	870	0	20	0.0902677	9638	2.85647e-149	TRUE	NA	NA	NA	NA	NA
NC_045512.2	22983	A	T	262	138	26	10	8	27	0.0344828	290	0.0140541	FALSE	NA	NA	NA	NA	NA
NC_045512.2	22983	A	G	262	138	26	10	6	21	0.0344828	290	0.0140541	FALSE	NA	NA	NA	NA	NA
NC_045512.2	22995	C	A	0	0	0	252	128	27	1	252	3.45404e-146	TRUE	NA	NA	NA	NA	NA
NC_045512.2	23055	A	T	14	2	23	2	2	20	0.125	16	0.258065	FALSE	NA	NA	NA	NA	NA
NC_045512.2	23063	A	T	6	0	25	4	2	24	0.4	10	0.0541796	FALSE	NA	NA	NA	NA	NA
NC_045512.2	23103	C	-T	1930	788	25	62	0	20	0.0319258	1942	1.23808e-06	TRUE	NA	NA	NA	NA	NA
NC_045512.2	23143	T	-A	1974	796	25	142	0	20	0.0717897	1978	9.55265e-24	TRUE	NA	NA	NA	NA	NA
NC_045512.2	23230	C	-A	1992	860	25	68	0	20	0.0340681	1996	1.0203e-07	TRUE	NA	NA	NA	NA	NA
NC_045512.2	23230	C	+A	1992	860	25	86	0	20	0.0430862	1996	2.63718e-11	TRUE	NA	NA	NA	NA	NA
NC_045512.2	23236	G	+T	1982	866	24	60	0	20	0.0301508	1990	2.95271e-06	TRUE	NA	NA	NA	NA	NA
NC_045512.2	23277	C	T	7172	3474	26	276	118	25	0.0370569	7448	1.93374e-29	TRUE	NA	NA	NA	NA	NA
NC_045512.2	23334	C	-T	15398	10754	25	2138	0	20	0.138633	15422	0	TRUE	NA	NA	NA	NA	NA
NC_045512.2	23335	T	C	7178	4548	22	4054	56	25	0.360869	11234	0	TRUE	NA	NA	NA	NA	NA
NC_045512.2	23355	T	+A	19600	10764	26	662	0	20	0.0337205	19632	4.39433e-58	TRUE	NA	NA	NA	NA	NA
NC_045512.2	23403	A	G	10	6	24	13840	11670	26	0.99411	13922	0	TRUE	NA	NA	NA	NA	NA
NC_045512.2	23486	G	-T	28488	17614	24	6086	0	20	0.21305	28566	0	TRUE	NA	NA	NA	NA	NA
NC_045512.2	23487	T	G	10654	160	25	3044	2278	24	0.220996	13774	0	TRUE	NA	NA	NA	NA	NA
NC_045512.2	23604	C	G	108	58	22	44054	23634	26	0.995886	44236	0	TRUE	NA	NA	NA	NA	NA
NC_045512.2	23835	G	-T	12598	7232	25	582	0	20	0.0460297	12644	8.62826e-69	TRUE	NA	NA	NA	NA	NA
NC_045512.2	23835	G	+T	12598	7232	25	744	0	20	0.0588421	12644	1.2247e-103	TRUE	NA	NA	NA	NA	NA
NC_045512.2	23887	C	-A	12272	7202	24	2388	0	20	0.1938	12322	0	TRUE	NA	NA	NA	NA	NA
NC_045512.2	23903	G	-T	2586	1172	24	318	0	20	0.122402	2598	2.05146e-62	TRUE	NA	NA	NA	NA	NA
NC_045512.2	23927	T	+A	1440	854	23	70	0	20	0.0484094	1446	4.16308e-10	TRUE	NA	NA	NA	NA	NA
NC_045512.2	23929	C	-A	2138	928	24	70	0	20	0.0325885	2148	1.91454e-07	TRUE	NA	NA	NA	NA	NA
NC_045512.2	23942	A	-T	1372	1140	25	54	0	20	0.0393586	1372	3.75393e-07	TRUE	NA	NA	NA	NA	NA
NC_045512.2	23949	A	-T	2142	1092	23	174	0	20	0.0806302	2158	3.06818e-30	TRUE	NA	NA	NA	NA	NA
NC_045512.2	23964	A	-T	1350	1060	23	194	0	20	0.143491	1352	4.59896e-40	TRUE	NA	NA	NA	NA	NA
NC_045512.2	23972	C	+A	1972	1134	23	74	0	20	0.0374873	1974	7.29205e-09	TRUE	NA	NA	NA	NA	NA
NC_045512.2	23992	A	T	34	22	22	2	2	20	0.0526316	38	0.204479	FALSE	NA	NA	NA	NA	NA
NC_045512.2	23992	A	C	34	22	22	2	2	29	0.0526316	38	0.204479	FALSE	NA	NA	NA	NA	NA
NC_045512.2	24008	T	A	116	104	25	4	0	27	0.0327869	122	0.182297	FALSE	NA	NA	NA	NA	NA
NC_045512.2	24026	C	-T	1188	340	24	68	0	20	0.0572391	1188	4.63692e-11	TRUE	NA	NA	NA	NA	NA
NC_045512.2	24110	A	-T	1116	344	24	198	0	20	0.176786	1120	2.10331e-42	TRUE	NA	NA	NA	NA	NA
NC_045512.2	24119	C	-A	1250	468	24	242	0	20	0.192369	1258	1.01936e-52	TRUE	NA	NA	NA	NA	NA
NC_045512.2	24140	G	-T	1298	480	24	96	0	20	0.0735069	1306	1.82625e-16	TRUE	NA	NA	NA	NA	NA
NC_045512.2	24208	C	T	564	278	26	100	52	25	0.150602	664	5.76334e-25	TRUE	NA	NA	NA	NA	NA
NC_045512.2	24253	A	-T	2296	1162	24	304	0	20	0.132059	2302	4.34316e-60	TRUE	NA	NA	NA	NA	NA
NC_045512.2	24267	T	-G	1978	756	24	318	0	20	0.159159	1998	6.87415e-67	TRUE	NA	NA	NA	NA	NA
NC_045512.2	24320	C	-A	1722	1224	24	248	0	20	0.143685	1726	1.61152e-50	TRUE	NA	NA	NA	NA	NA
NC_045512.2	24358	C	+A	2044	1226	24	94	0	20	0.0455868	2062	1.19827e-12	TRUE	NA	NA	NA	NA	NA
NC_045512.2	24368	G	T	1838	1072	26	64	40	25	0.0336488	1902	2.85451e-07	TRUE	NA	NA	NA	NA	NA
NC_045512.2	24382	C	T	532	308	25	1166	672	26	0.68669	1698	0	TRUE	NA	NA	NA	NA	NA
NC_045512.2	24410	G	A	148	76	26	1680	950	27	0.917031	1832	0	TRUE	NA	NA	NA	NA	NA
NC_045512.2	24431	C	+A	708	378	25	28	0	20	0.039548	708	0.000337401	TRUE	NA	NA	NA	NA	NA
NC_045512.2	24439	A	T	174	70	24	6	6	21	0.0333333	180	0.0615732	FALSE	NA	NA	NA	NA	NA
NC_045512.2	24492	T	-A	10328	6786	22	1464	0	20	0.141231	10366	7.33184e-289	TRUE	NA	NA	NA	NA	NA
NC_045512.2	24672	C	-A	19906	8346	25	2344	0	20	0.117482	19952	0	TRUE	NA	NA	NA	NA	NA
NC_045512.2	24684	A	-T	3262	1700	24	350	0	20	0.104291	3356	2.45601e-66	TRUE	NA	NA	NA	NA	NA
NC_045512.2	24803	A	-T	3886	2180	24	132	0	20	0.0339332	3890	3.09941e-13	TRUE	NA	NA	NA	NA	NA
NC_045512.2	24852	C	-A	11292	5028	24	948	0	20	0.0836717	11330	1.3647e-157	TRUE	NA	NA	NA	NA	NA
NC_045512.2	24981	C	-T	8640	5716	25	2430	0	20	0.281185	8642	0	TRUE	NA	NA	NA	NA	NA
NC_045512.2	25026	A	+T	14894	7782	25	744	0	20	0.0499195	14904	2.46101e-92	TRUE	NA	NA	NA	NA	NA
NC_045512.2	25091	G	+A	3720	2012	24	120	0	20	0.0321716	3730	2.1651e-11	TRUE	NA	NA	NA	NA	NA
NC_045512.2	25100	C	-A	3948	2248	24	378	0	20	0.0952621	3968	9.38213e-68	TRUE	NA	NA	NA	NA	NA
NC_045512.2	25140	T	-A	32086	21442	23	1460	0	20	0.0454291	32138	3.76741e-167	TRUE	NA	NA	NA	NA	NA
NC_045512.2	25262	C	-T	37008	23204	25	6776	0	20	0.180751	37488	0	TRUE	NA	NA	NA	NA	NA
NC_045512.2	25358	A	C	3864	482	25	686	656	23	0.150373	4562	5.22146e-160	TRUE	NA	NA	NA	NA	NA
NC_045512.2	25431	A	G	8590	3820	25	372	194	26	0.0415086	8962	1.69159e-43	TRUE	NA	NA	NA	NA	NA
NC_045512.2	25439	A	G	8094	4646	25	362	150	24	0.0427997	8458	1.67656e-43	TRUE	NA	NA	NA	NA	NA
NC_045512.2	25443	A	G	8298	4570	24	366	174	26	0.0422048	8672	1.55974e-43	TRUE	NA	NA	NA	NA	NA
NC_045512.2	25448	A	G	5990	1410	25	334	184	24	0.0527813	6328	1.36904e-47	TRUE	NA	NA	NA	NA	NA
NC_045512.2	25469	C	T	14	4	22	6378	4804	25	0.995008	6410	0	TRUE	NA	NA	NA	NA	NA
NC_045512.2	25503	A	G	6340	3384	26	228	134	25	0.0347138	6568	3.80074e-23	TRUE	NA	NA	NA	NA	NA
NC_045512.2	25505	A	G	5546	2656	23	362	188	26	0.0612521	5910	2.2637e-56	TRUE	NA	NA	NA	NA	NA
NC_045512.2	25540	G	+T	33398	16764	25	1892	0	20	0.0565519	33456	3.0572e-253	TRUE	NA	NA	NA	NA	NA
NC_045512.2	25555	G	-T	33970	16414	24	4812	0	20	0.139819	34416	0	TRUE	NA	NA	NA	NA	NA
NC_045512.2	25572	C	-A	30472	16636	23	4368	0	20	0.143204	30502	0	TRUE	NA	NA	NA	NA	NA
NC_045512.2	25587	C	-A	27766	13422	25	2392	0	20	0.0858825	27852	0	TRUE	NA	NA	NA	NA	NA
NC_045512.2	25703	C	-T	10858	9906	25	398	0	20	0.036195	10996	2.61618e-39	TRUE	NA	NA	NA	NA	NA
NC_045512.2	25797	C	-A	15326	9414	24	858	0	20	0.0558666	15358	3.2518e-115	TRUE	NA	NA	NA	NA	NA
NC_045512.2	25963	G	-AA	13086	5378	23	1982	0	20	0.150608	13160	0	TRUE	NA	NA	NA	NA	NA
NC_045512.2	25963	G	-A	13086	5378	23	3846	0	20	0.292249	13160	0	TRUE	NA	NA	NA	NA	NA
NC_045512.2	25982	T	-AA	15124	6980	25	1998	0	20	0.131275	15220	0	TRUE	NA	NA	NA	NA	NA
NC_045512.2	25982	T	-A	15124	6980	25	2168	0	20	0.142444	15220	0	TRUE	NA	NA	NA	NA	NA
NC_045512.2	26031	G	-C	15374	8692	26	476	0	20	0.0307335	15488	1.44182e-38	TRUE	NA	NA	NA	NA	NA
NC_045512.2	26062	G	T	5186	2464	24	5216	3362	25	0.498852	10456	0	TRUE	NA	NA	NA	NA	NA
NC_045512.2	26107	G	C	30282	9782	26	1252	414	25	0.0396856	31548	1.09724e-135	TRUE	NA	NA	NA	NA	NA
NC_045512.2	26142	C	-G	13338	2356	24	1280	0	20	0.095026	13470	4.41886e-225	TRUE	NA	NA	NA	NA	NA
NC_045512.2	26154	A	-G	18024	2964	25	2018	0	20	0.110346	18288	0	TRUE	NA	NA	NA	NA	NA
NC_045512.2	26190	A	-C	32260	11078	23	1756	0	20	0.0541741	32414	2.55621e-229	TRUE	NA	NA	NA	NA	NA
NC_045512.2	26196	G	-A	37468	16654	25	1426	0	20	0.0379781	37548	2.46403e-139	TRUE	NA	NA	NA	NA	NA
NC_045512.2	26299	C	-T	38478	17326	24	4696	0	20	0.121759	38568	0	TRUE	NA	NA	NA	NA	NA
NC_045512.2	26399	T	-A	1794	896	24	78	0	20	0.0434298	1796	1.80434e-10	TRUE	NA	NA	NA	NA	NA
NC_045512.2	26408	C	-T	1820	932	23	224	0	20	0.122404	1830	4.06758e-44	TRUE	NA	NA	NA	NA	NA
NC_045512.2	26430	T	-A	1664	1120	24	92	0	20	0.0550239	1672	5.44419e-14	TRUE	NA	NA	NA	NA	NA
NC_045512.2	26454	T	-C	1506	680	23	88	0	20	0.0582781	1510	1.53719e-13	TRUE	NA	NA	NA	NA	NA
NC_045512.2	26493	G	-T	3078	1694	24	238	0	20	0.0768734	3096	5.34391e-40	TRUE	NA	NA	NA	NA	NA
NC_045512.2	26561	T	-A	1686	1174	24	60	0	20	0.0355872	1686	3.21723e-07	TRUE	NA	NA	NA	NA	NA
NC_045512.2	26561	T	+A	1686	1174	24	52	0	20	0.0308422	1686	1.02987e-05	TRUE	NA	NA	NA	NA	NA
NC_045512.2	26654	G	-T	3070	1898	23	336	0	20	0.109375	3072	3.63236e-63	TRUE	NA	NA	NA	NA	NA
NC_045512.2	26672	G	-T	3888	1646	24	396	0	20	0.100253	3950	7.65627e-73	TRUE	NA	NA	NA	NA	NA
NC_045512.2	26710	C	T	4104	2470	25	262	0	22	0.0599817	4368	5.16512e-41	TRUE	NA	NA	NA	NA	NA
NC_045512.2	26711	T	C	3348	1682	23	236	8	21	0.0658482	3584	1.68871e-39	TRUE	NA	NA	NA	NA	NA
NC_045512.2	26713	G	-T	4540	2444	24	190	0	20	0.0416119	4566	4.66498e-22	TRUE	NA	NA	NA	NA	NA
NC_045512.2	26767	T	C	54	32	26	4544	2260	25	0.988256	4598	0	TRUE	NA	NA	NA	NA	NA
NC_045512.2	27097	G	-TT	1922	1396	24	260	0	20	0.135276	1922	5.6772e-52	TRUE	NA	NA	NA	NA	NA
NC_045512.2	27097	G	-T	1922	1396	24	182	0	20	0.094693	1922	4.26886e-33	TRUE	NA	NA	NA	NA	NA
NC_045512.2	27112	G	A	1024	478	26	1148	570	24	0.527574	2176	0	TRUE	NA	NA	NA	NA	NA
NC_045512.2	27243	A	+T	2986	1064	25	100	0	20	0.0332668	3006	4.65324e-10	TRUE	NA	NA	NA	NA	NA
NC_045512.2	27253	A	+T	2852	780	25	110	0	20	0.0385694	2852	1.48436e-12	TRUE	NA	NA	NA	NA	NA
NC_045512.2	27263	C	-TTTTAAAGTTTCCATTTGGAATCTTGA	2996	924	24	146	0	20	0.0486342	3002	4.04249e-19	TRUE	NA	NA	NA	NA	NA
NC_045512.2	27271	G	+T	2950	970	24	114	0	20	0.0366324	3112	3.44944e-13	TRUE	NA	NA	NA	NA	NA
NC_045512.2	27291	T	C	2668	674	25	190	52	25	0.0664336	2860	4.02414e-32	TRUE	NA	NA	NA	NA	NA
NC_045512.2	27312	T	-AAA	2012	866	23	168	0	20	0.083004	2024	2.40988e-29	TRUE	NA	NA	NA	NA	NA
NC_045512.2	27312	T	-AA	2012	866	23	244	0	20	0.120553	2024	1.13661e-47	TRUE	NA	NA	NA	NA	NA
NC_045512.2	27312	T	-A	2012	866	23	326	0	20	0.161067	2024	9.56739e-68	TRUE	NA	NA	NA	NA	NA
NC_045512.2	27338	A	T	3042	1072	25	124	62	26	0.0390921	3172	5.179e-15	TRUE	NA	NA	NA	NA	NA
NC_045512.2	27342	T	+A	3132	1184	24	118	0	20	0.0374603	3150	4.12714e-13	TRUE	NA	NA	NA	NA	NA
NC_045512.2	27345	A	T	2140	1152	23	174	76	24	0.075	2320	2.25269e-31	TRUE	NA	NA	NA	NA	NA
NC_045512.2	27354	A	-T	1914	608	22	470	0	20	0.244792	1920	4.1465e-103	TRUE	NA	NA	NA	NA	NA
NC_045512.2	27397	A	G	3548	502	24	242	46	23	0.0638522	3790	3.34033e-40	TRUE	NA	NA	NA	NA	NA
NC_045512.2	27489	A	G	2704	2168	24	108	12	25	0.0383795	2814	7.45922e-13	TRUE	NA	NA	NA	NA	NA
NC_045512.2	27507	A	C	6618	2582	24	1050	640	25	0.136648	7684	1.17045e-234	TRUE	NA	NA	NA	NA	NA
NC_045512.2	27516	G	A	4096	1418	23	3092	1598	24	0.429803	7194	0	TRUE	NA	NA	NA	NA	NA
NC_045512.2	27528	A	-T	8164	4068	24	2264	0	20	0.275828	8208	0	TRUE	NA	NA	NA	NA	NA
NC_045512.2	27529	T	C	3750	1970	22	196	92	25	0.0491228	3990	5.13197e-35	TRUE	NA	NA	NA	NA	NA
NC_045512.2	27540	A	-G	8338	3822	25	262	0	20	0.0311164	8420	2.60762e-22	TRUE	NA	NA	NA	NA	NA
NC_045512.2	27584	C	-T	7786	4576	25	264	0	20	0.0338548	7798	1.37306e-24	TRUE	NA	NA	NA	NA	NA
NC_045512.2	27600	C	T	2972	1650	24	2768	1262	26	0.48223	5740	0	TRUE	NA	NA	NA	NA	NA
NC_045512.2	27613	G	T	4406	2068	26	166	50	25	0.0362921	4574	3.74261e-18	TRUE	NA	NA	NA	NA	NA
NC_045512.2	27621	G	-T	3784	2094	25	1118	0	20	0.294056	3802	5.92459e-247	TRUE	NA	NA	NA	NA	NA
NC_045512.2	27638	T	C	20	4	21	6480	2662	26	0.99631	6504	0	TRUE	NA	NA	NA	NA	NA
NC_045512.2	27679	C	+T	6546	2868	25	244	0	20	0.0371725	6564	5.01372e-25	TRUE	NA	NA	NA	NA	NA
NC_045512.2	27691	A	-T	4052	2394	23	208	0	20	0.0511811	4064	7.15891e-28	TRUE	NA	NA	NA	NA	NA
NC_045512.2	27722	T	C	2014	722	26	92	34	26	0.0436847	2106	2.40088e-12	TRUE	NA	NA	NA	NA	NA
NC_045512.2	27742	A	C	3106	206	26	198	10	23	0.0598549	3308	3.08957e-31	TRUE	NA	NA	NA	NA	NA
NC_045512.2	27743	A	C	3898	802	26	260	260	23	0.0622605	4176	6.69356e-42	TRUE	NA	NA	NA	NA	NA
NC_045512.2	27752	C	T	108	58	25	4696	1674	26	0.976705	4808	0	TRUE	NA	NA	NA	NA	NA
NC_045512.2	27791	C	-T	5328	2234	25	300	0	20	0.0562641	5332	1.37915e-41	TRUE	NA	NA	NA	NA	NA
NC_045512.2	27874	C	T	2082	970	26	726	118	26	0.258179	2812	1.68302e-199	TRUE	NA	NA	NA	NA	NA
NC_045512.2	27906	G	-T	15990	8436	24	680	0	20	0.0424735	16010	1.5822e-74	TRUE	NA	NA	NA	NA	NA
NC_045512.2	27967	G	A	29260	16032	26	1574	820	26	0.0510376	30840	1.94404e-210	TRUE	NA	NA	NA	NA	NA
NC_045512.2	28007	T	C	29600	15920	26	1128	736	25	0.0366972	30738	3.51009e-113	TRUE	NA	NA	NA	NA	NA
NC_045512.2	28022	T	-A	29750	15394	25	13636	0	20	0.454624	29994	0	TRUE	NA	NA	NA	NA	NA
NC_045512.2	28111	A	G	18680	9914	26	814	344	24	0.0417307	19506	4.48403e-93	TRUE	NA	NA	NA	NA	NA
NC_045512.2	28147	C	-T	19156	14222	24	2072	0	20	0.107939	19196	0	TRUE	NA	NA	NA	NA	NA
NC_045512.2	28214	C	-T	17666	6780	25	734	0	20	0.0414455	17710	9.57247e-79	TRUE	NA	NA	NA	NA	NA
NC_045512.2	28214	C	+T	17666	6780	25	942	0	20	0.0531903	17710	4.73002e-122	TRUE	NA	NA	NA	NA	NA
NC_045512.2	28247	A	-GATTTC	16528	5026	24	16176	0	20	0.945965	17100	0	TRUE	NA	NA	NA	NA	NA
NC_045512.2	28253	C	T	20	12	26	154	106	24	0.275	560	4.41679e-260	TRUE	NA	NA	NA	NA	NA
NC_045512.2	28253	C	G	20	12	26	22	10	26	0.0392857	560	1.57131e-32	TRUE	NA	NA	NA	NA	NA
NC_045512.2	28253	C	A	20	12	26	364	56	22	0.65	560	0	TRUE	NA	NA	NA	NA	NA
NC_045512.2	28270	T	-A	24204	10330	26	22758	0	20	0.930721	24452	0	TRUE	NA	NA	NA	NA	NA
NC_045512.2	28271	A	T	434	28	22	284	94	23	0.37766	752	7.2263e-305	TRUE	NA	NA	NA	NA	NA
NC_045512.2	28383	C	-A	7386	3184	25	240	0	20	0.0324324	7400	3.24837e-21	TRUE	NA	NA	NA	NA	NA
NC_045512.2	28461	A	G	82	42	26	5804	3096	24	0.985064	5892	0	TRUE	NA	NA	NA	NA	NA
NC_045512.2	28470	T	-C	3610	2338	24	156	0	20	0.0431416	3616	1.1719e-18	TRUE	NA	NA	NA	NA	NA
NC_045512.2	28517	G	-A	11788	5024	25	648	0	20	0.0548966	11804	3.42795e-86	TRUE	NA	NA	NA	NA	NA
NC_045512.2	28570	T	-A	8086	6544	24	322	0	20	0.0395189	8148	1.6571e-34	TRUE	NA	NA	NA	NA	NA
NC_045512.2	28574	A	T	6964	6642	25	290	4	21	0.039031	7430	1.66421e-33	TRUE	NA	NA	NA	NA	NA
NC_045512.2	28575	T	G	7380	6588	25	240	6	21	0.0302954	7922	3.86184e-22	TRUE	NA	NA	NA	NA	NA
NC_045512.2	28575	T	A	7380	6588	25	298	0	22	0.0376168	7922	1.36107e-33	TRUE	NA	NA	NA	NA	NA
NC_045512.2	28576	G	A	7724	6636	26	308	2	22	0.0383085	8040	9.69065e-34	TRUE	NA	NA	NA	NA	NA
NC_045512.2	28581	A	G	7568	6654	26	344	16	22	0.0434563	7916	5.65448e-42	TRUE	NA	NA	NA	NA	NA
NC_045512.2	28651	C	-A	18990	11020	25	634	0	20	0.0333614	19004	7.14621e-55	TRUE	NA	NA	NA	NA	NA
NC_045512.2	28698	C	-A	16672	11024	23	5210	0	20	0.311901	16704	0	TRUE	NA	NA	NA	NA	NA
NC_045512.2	28881	G	T	20	0	21	3740	2084	26	0.989942	3778	0	TRUE	NA	NA	NA	NA	NA
NC_045512.2	28916	G	T	11378	4820	25	8468	4352	27	0.42557	19898	0	TRUE	NA	NA	NA	NA	NA
NC_045512.2	29012	A	T	110	46	26	4	4	29	0.0350877	114	0.187481	FALSE	NA	NA	NA	NA	NA
NC_045512.2	29017	G	+A	114	48	25	4	0	20	0.0350877	114	0.19859	FALSE	NA	NA	NA	NA	NA
NC_045512.2	29051	C	-A	2104	926	24	220	0	20	0.104167	2112	4.39785e-41	TRUE	NA	NA	NA	NA	NA
NC_045512.2	29051	C	+A	2104	926	24	94	0	20	0.0445076	2112	3.86676e-12	TRUE	NA	NA	NA	NA	NA
NC_045512.2	29195	G	-C	2090	966	23	420	0	20	0.1983	2118	1.43896e-90	TRUE	NA	NA	NA	NA	NA
NC_045512.2	29200	C	A	996	984	23	40	8	22	0.0384615	1040	9.16037e-06	TRUE	NA	NA	NA	NA	NA
NC_045512.2	29289	T	C	814	472	25	34	18	26	0.04	850	2.7697e-05	TRUE	NA	NA	NA	NA	NA
NC_045512.2	29324	A	-T	11164	6224	24	2718	0	20	0.242376	11214	0	TRUE	NA	NA	NA	NA	NA
NC_045512.2	29377	T	-A	11322	6504	23	1056	0	20	0.0929577	11360	3.06574e-183	TRUE	NA	NA	NA	NA	NA
NC_045512.2	29386	C	-AA	11420	6400	24	426	0	20	0.0370306	11504	3.47861e-42	TRUE	NA	NA	NA	NA	NA
NC_045512.2	29386	C	-A	11420	6400	24	2610	0	20	0.226878	11504	0	TRUE	NA	NA	NA	NA	NA
NC_045512.2	29391	A	G	7056	6612	25	666	32	23	0.0862471	7722	2.61798e-123	TRUE	NA	NA	NA	NA	NA
NC_045512.2	29392	G	A	10660	6636	24	558	0	25	0.0497326	11220	1.97968e-74	TRUE	NA	NA	NA	NA	NA
NC_045512.2	29394	A	G	9678	6726	25	572	10	24	0.0557831	10254	6.08734e-83	TRUE	NA	NA	NA	NA	NA
NC_045512.2	29395	G	A	10442	6564	25	584	2	24	0.0529657	11026	1.93066e-81	TRUE	NA	NA	NA	NA	NA
NC_045512.2	29397	A	G	8242	6544	25	504	14	24	0.0575605	8756	5.71516e-75	TRUE	NA	NA	NA	NA	NA
NC_045512.2	29398	G	+GA	8918	5406	23	394	0	20	0.0439732	8960	1.16805e-45	TRUE	NA	NA	NA	NA	NA
NC_045512.2	29399	G	A	8586	6654	25	368	10	22	0.0410165	8972	9.78994e-43	TRUE	NA	NA	NA	NA	NA
NC_045512.2	29402	G	T	188	100	25	8566	6438	25	0.973409	8800	0	TRUE	NA	NA	NA	NA	NA
NC_045512.2	29520	C	T	10474	6122	25	490	266	24	0.0446836	10966	1.81705e-60	TRUE	NA	NA	NA	NA	NA
NC_045512.2	29527	G	A	8402	3968	24	288	164	24	0.0331415	8690	1.96237e-27	TRUE	NA	NA	NA	NA	NA
NC_045512.2	29544	A	T	32	10	25	2	2	22	0.0357143	56	0.143258	FALSE	NA	NA	NA	NA	NA
NC_045512.2	29544	A	G	32	10	25	8	6	23	0.142857	56	0.000632695	TRUE	NA	NA	NA	NA	NA
NC_045512.2	29544	A	C	32	10	25	14	0	22	0.25	56	4.6762e-06	TRUE	NA	NA	NA	NA	NA
NC_045512.2	29548	C	T	16	4	26	2	2	21	0.111111	18	0.257143	FALSE	NA	NA	NA	NA	NA
NC_045512.2	29568	T	+A	16	4	24	2	0	20	0.125	16	0.289773	FALSE	NA	NA	NA	NA	NA
NC_045512.2	29573	G	+T	22	10	24	6	0	20	0.272727	22	0.0269411	FALSE	NA	NA	NA	NA	NA
NC_045512.2	29585	C	T	6	4	24	6	6	24	0.5	12	0.00521739	TRUE	NA	NA	NA	NA	NA
NC_045512.2	29596	A	+T	36	20	24	2	0	20	0.0555556	36	0.267504	FALSE	NA	NA	NA	NA	NA
NC_045512.2	29626	T	+G	30	14	26	2	0	20	0.0666667	30	0.271038	FALSE	NA	NA	NA	NA	NA
NC_045512.2	29642	C	+T	34	20	25	2	0	20	0.0588235	34	0.268542	FALSE	NA	NA	NA	NA	NA
NC_045512.2	29644	A	-G	30	18	23	2	0	20	0.0666667	30	0.271038	FALSE	NA	NA	NA	NA	NA
NC_045512.2	29665	T	-C	34	20	25	2	0	20	0.0588235	34	0.268542	FALSE	NA	NA	NA	NA	NA
NC_045512.2	29693	T	+A	30	18	26	2	0	20	0.0666667	30	0.271038	FALSE	NA	NA	NA	NA	NA
NC_045512.2	29718	C	T	24	12	24	2	2	29	0.0769231	26	0.254902	FALSE	NA	NA	NA	NA	NA
NC_045512.2	29738	C	A	4	2	24	12	10	27	0.75	16	1.28968e-05	TRUE	NA	NA	NA	NA	NA
NC_045512.2	29742	G	T	0	0	0	14	10	27	1	14	4.98547e-08	TRUE	NA	NA	NA	NA	NA
NC_045512.2	29792	A	G	12	8	27	2	2	27	0.142857	14	0.259259	FALSE	NA	NA	NA	NA	NA
