nt_mutations	aa_mutations	cluster_depth	total_depth	frequency	coverage_start	coverage_end
C23271T	S:A570V	3775	5086	0.742234	23268	23290
C22295A	S:H245N	3027	3404	0.889248	22285	22299
A23403G C23423T	S:D614G S:P621S	1784	3074	0.580351	23397	23433
C23271T A23403G C23423T	S:A570V S:D614G S:P621S	966	1059	0.912181	23258	23445
C21711T T21738C A21764-TACATG	S:S50L S:F59S S:DEL69/70	712	1354	0.525849	21703	21776
C23525T	S:H655Y	639	897	0.712375	23436	23536
C21711T A21764-TACATG	S:S50L S:DEL69/70	565	1354	0.417282	21703	21782
G24872T	S:V1104L	476	658	0.723404	24854	24884
G23222A	S:E554K	392	469	0.835821	23157	23246
C25207T	S:Y1215Y	284	305	0.931148	25205	25242
A22193-ATT T22200G C22208T	S:DEL212 S:V213G S:L216F	238	308	0.772727	22183	22242
A24424T T24469A	S:Q954H S:N969K	233	249	0.935743	24416	24503
A22629C C22674T T22679C C22686T A22688G	S:K356T S:S371F S:S373P S:S375F S:T376A	170	396	0.429293	22614	22701
C22353A	S:A264D	164	299	0.548495	22332	22423
A22629C C22674T T22679C C22686T A22688G G22770A G22775A	S:K356T S:S371F S:S373P S:S375F S:T376A S:R403K S:D405N	158	202	0.782178	22614	22785
G21987A T21990-TTA T22032C C22033A A22034G	S:G142D S:DEL144 S:F157S S:F157S S:R158G	109	312	0.349359	21984	22046
A23403G C23423T C23525T	S:D614G S:P621S S:H655Y	108	173	0.624277	23353	23536
G22273A C22295A	S:R237R S:H245N	91	3402	0.026749	22232	22323
C22295A C22353A	S:H245N S:A264D	86	100	0.86	22232	22423
T24870-TG	NA	84	658	0.12766	24854	24927
G21987A T21990-TTA G22030-T T22032C C22033A A22034+G A22034G	S:G142D S:DEL144 NA S:F157S S:F157S NA S:R158E	64	312	0.205128	21984	22070
C23271T C23280T	S:A570V S:T573I	62	5086	0.01219	23258	23323
G21987A T21990-TTA G22030-T T22032C C22033A A22034G A22034+G	S:G142D S:DEL144 NA S:F157S S:F157S S:R158G NA	59	312	0.189103	21984	22070
G24751T	S:L1063F	56	807	0.069393	24678	24777
A22193-ATT T22200G C22208T C22295A	S:DEL212 S:V213G S:L216F S:H245N	48	52	0.923077	22164	22323
A25443T	ORF3a:Q17H	45	1426	0.031557	25367	25457
C24990T C25000T	S:P1143L S:D1146D	41	85	0.482353	24953	25048
C24378T	S:S939F	40	46	0.869565	24316	24408
C23854A	S:N764K	38	43	0.883721	23801	23886
G24858A G24872T	S:G1099D S:V1104L	32	658	0.048632	24854	24946
C23271T C23277T	S:A570V S:T572I	32	5086	0.006292	23258	23353
T22501C	S:Y313Y	26	423	0.061466	22432	22511
G23222A C23230-A	S:E554K NA	26	469	0.055437	23184	23251
C22295A T22321-TC	S:H245N NA	26	3398	0.007652	22232	22324
G21987A T21990-TTA A22010G T22032C C22033A A22034G	S:G142D S:DEL144 S:K150E S:F157S S:F157S S:R158G	24	312	0.076923	21984	22070
C21711T T21738C A21764-TACATG C21772T	S:S50L S:F59S S:DEL69/70 S:V70V	23	1354	0.016987	21703	21790
G22484T	S:V308L	21	423	0.049645	22432	22511
G25340T	S:D1260Y	20	1731	0.011554	25330	25416
A23403G C23423T C23525T T23599G C23604G	S:D614G S:P621S S:H655Y S:N679K S:P681R	20	44	0.454545	23353	23636
G23222A C23271T	S:E554K S:A570V	19	32	0.59375	23157	23353
C23271T C23334-T	S:A570V NA	19	5067	0.00375	23265	23351
G24131T	S:G857C	18	1036	0.017375	24056	24139
G23505A C23525T	S:G648D S:H655Y	17	897	0.018952	23436	23536
C22444T	S:D294D	16	422	0.037915	22432	22511
C22353A C22414T	S:A264D S:T284T	16	299	0.053512	22332	22423
G25429A	ORF3a:V13I	14	1429	0.009797	25330	25457
G24872T C24990T C25000T	S:V1104L S:P1143L S:D1146D	14	31	0.451613	24854	25048
C23525T T23599G C23604G	S:H655Y S:N679K S:P681R	14	61	0.229508	23436	23636
A23445G C23525T	S:Q628R S:H655Y	14	896	0.015625	23436	23536
C22353A C22419T	S:A264D S:T286I	13	299	0.043478	22332	22423
A23403G C23423T C23525T A23598G T23599G C23604G	S:D614G S:P621S S:H655Y S:N679R S:N679R S:P681R	13	44	0.295455	23353	23636
A23403G	S:D614G	13	3080	0.004221	23353	23406
A22629C C22674T T22679C T22684C C22686T A22688G G22770A G22775A	S:K356T S:S371F S:S373P S:F374F S:S375F S:T376A S:R403K S:D405N	13	202	0.064356	22614	22785
C24138T	S:T859I	12	1034	0.011605	24056	24139
G21987A T21990-TTA A22010G G22030-T T22032C C22033A A22034+G A22034G	S:G142D S:DEL144 S:K150E NA S:F157S S:F157S NA S:R158E	11	312	0.035256	21984	22070
G21941T G21987A T21990-TTA T22032C C22033A A22034G	S:V127F S:G142D S:DEL144 S:F157S S:F157S S:R158G	11	15	0.733333	21891	22070
C23271T C23280T A23403G C23423T	S:A570V S:T573I S:D614G S:P621S	11	1059	0.010387	23258	23445
A22556G G22577C G22578A	S:I332V S:G339H S:G339H	11	16	0.6875	22520	22613
G25455T	ORF3a:K21N	10	1426	0.007013	25330	25457
